timestamp,timestamp_unix,identifier,latitude,longitude,altitude,pressure,temperature,humidity,thermal_avg,checksum,status,status_description,anomaly,anomaly_score,anomaly_confidence
2026-08-11T14:49:51.959160,1786456191.959211,TUN,34.74,10.76,0,1014.2,25.3,55.3,25.0,6198,L,Landing,True,-0.6569769284518634,1.0
2026-08-11T14:49:53.304567,1786456193.3046057,TUN,34.74,10.76,150,995.0,24.5,76.5,24.5,6355,A,Ascent,True,-0.6560699472788668,1.0
2026-08-11T14:49:54.549484,1786456194.5495186,TUN,34.74,10.76,300,976.9,22.9,60.2,24.7,6147,A,Ascent,True,-0.6455675239041079,1.0
2026-08-11T14:49:55.878458,1786456195.878488,TUN,34.74,10.76,450,960.0,22.2,43.9,25.3,5964,A,Ascent,False,-0.6228479202707664,1.0
2026-08-11T14:49:56.911419,1786456196.9114392,TUN,34.74,10.76,600,943.9,21.2,44.7,24.7,5945,A,Ascent,False,-0.5491922371177451,1.0
2026-08-11T14:49:57.937530,1786456197.937563,TUN,34.74,10.7601,750,925.6,20.2,43.4,24.8,5891,A,Ascent,False,-0.5409296463827274,1.0
2026-08-11T14:49:58.981416,1786456198.9814396,TUN,34.7399,10.7601,900,910.4,19.2,57.2,24.9,6017,A,Ascent,False,-0.5328133892401472,1.0
2026-08-11T14:50:00.007473,1786456200.0075064,TUN,34.7399,10.7601,1050,893.5,18.6,39.5,25.1,5817,A,Ascent,False,-0.5328940415369136,1.0
2026-08-11T14:50:01.053469,1786456201.0535014,TUN,34.7399,10.7601,1200,876.7,17.3,31.3,24.8,5701,A,Ascent,False,-0.5333391894383817,1.0
2026-08-11T14:50:02.099475,1786456202.099507,TUN,34.7399,10.7601,1350,861.0,15.9,42.7,24.3,5789,A,Ascent,False,-0.5251021852374923,1.0
2026-08-11T14:50:03.143706,1786456203.1437483,TUN,34.7399,10.7601,1500,846.5,15.6,24.9,24.2,5612,A,Ascent,False,-0.5214608475942525,1.0
2026-08-11T14:50:04.191552,1786456204.1916025,TUN,34.7399,10.7601,1650,830.2,14.1,48.6,24.4,5823,A,Ascent,False,-0.5386402493611218,1.0
2026-08-11T14:50:05.233469,1786456205.2334888,TUN,34.7399,10.7601,1800,815.0,12.8,36.5,24.2,5685,A,Ascent,False,-0.503531087026026,1.0
2026-08-11T14:50:06.265531,1786456206.2655632,TUN,34.7399,10.7602,1950,800.5,11.9,26.4,24.9,5588,A,Ascent,False,-0.5192959356778016,1.0
2026-08-11T14:50:07.308492,1786456207.308542,TUN,34.7399,10.7602,2100,786.0,11.3,32.2,24.7,5643,A,Ascent,False,-0.5040960895492874,1.0
2026-08-11T14:50:08.351537,1786456208.3515825,TUN,34.7399,10.7602,2250,769.6,10.6,35.3,24.1,5647,A,Ascent,False,-0.5076039354637392,1.0
2026-08-11T14:50:09.391553,1786456209.391592,TUN,34.7398,10.7602,2400,756.7,9.4,25.2,24.6,5559,A,Ascent,False,-0.4982856897282962,0.9965713794565924
2026-08-11T14:50:10.438480,1786456210.4385011,TUN,34.7398,10.7602,2550,741.7,8.3,36.2,23.8,5650,A,Ascent,False,-0.5168195106999176,1.0
2026-08-11T14:50:11.462542,1786456211.4625738,TUN,34.7398,10.7602,2700,727.6,7.6,39.6,24.5,5693,A,Ascent,False,-0.5011098931871719,1.0
2026-08-11T14:50:12.505515,1786456212.5055466,TUN,34.7398,10.7602,2850,714.1,6.2,49.4,24.2,5789,A,Ascent,False,-0.506911728244333,1.0
2026-08-11T14:50:13.546463,1786456213.546495,TUN,34.7398,10.7602,3000,701.1,5.7,36.2,24.3,5673,A,Ascent,False,-0.48273758364699054,0.9654751672939811
2026-08-11T14:50:14.588583,1786456214.5886157,TUN,34.7398,10.7602,3150,688.6,4.4,41.2,24.0,5732,A,Ascent,False,-0.4885381284888477,0.9770762569776954
2026-08-11T14:50:15.629537,1786456215.629569,TUN,34.7398,10.7603,3300,675.3,3.4,19.6,23.8,5522,A,Ascent,False,-0.4849766798613841,0.9699533597227682
2026-08-11T14:50:16.674676,1786456216.6747189,TUN,34.7398,10.7603,3450,662.4,2.9,33.5,24.0,5679,A,Ascent,False,-0.47599145415302274,0.9519829083060455
2026-08-11T14:50:17.718468,1786456217.7184997,TUN,34.7398,10.7603,3600,649.2,2.1,45.0,24.4,5808,A,Ascent,False,-0.49343379281476796,0.9868675856295359
2026-08-11T14:50:18.766474,1786456218.7665064,TUN,34.7398,10.7603,3750,637.7,0.5,37.2,24.1,5746,A,Ascent,False,-0.4876082686472869,0.9752165372945738
2026-08-11T14:50:19.810214,1786456219.810275,TUN,34.7398,10.7603,3900,623.6,-0.6,22.0,24.3,5594,A,Ascent,False,-0.4844888927936501,0.9689777855873002
2026-08-11T14:50:20.850538,1786456220.850576,TUN,34.7397,10.7603,4050,612.9,-1.5,37.2,24.2,5778,A,Ascent,False,-0.4905463676335779,0.9810927352671558
2026-08-11T14:50:21.894466,1786456221.8944983,TUN,34.7397,10.7603,4200,599.7,-2.1,23.3,23.8,5647,A,Ascent,False,-0.4772633652734045,0.954526730546809
2026-08-11T14:50:22.936468,1786456222.9364996,TUN,34.7397,10.7603,4350,588.8,-3.0,41.7,23.6,5861,A,Ascent,False,-0.4852674736012811,0.9705349472025622
2026-08-11T14:50:23.986579,1786456223.986613,TUN,34.7397,10.7603,4500,577.0,-4.3,34.7,23.7,5811,A,Ascent,False,-0.4640704889307557,0.9281409778615114
2026-08-11T14:50:25.030536,1786456225.0305686,TUN,34.7397,10.7604,4650,565.1,-4.8,35.1,24.0,5845,A,Ascent,False,-0.48354819846994423,0.9670963969398885
2026-08-11T14:50:26.077587,1786456226.0776293,TUN,34.7397,10.7604,4800,555.6,-6.2,34.7,23.8,5880,A,Ascent,False,-0.4811668077014995,0.962333615402999
2026-08-11T14:50:27.120501,1786456227.1205325,TUN,34.7397,10.7604,4950,543.3,-7.2,36.6,23.7,5915,A,Ascent,False,-0.4893479642320967,0.9786959284641934
2026-08-11T14:50:28.161543,1786456228.1615758,TUN,34.7397,10.7604,5100,533.0,-8.4,5.7,23.9,5643,A,Ascent,False,-0.5269277477262923,1.0
2026-08-11T14:50:29.203504,1786456229.2035367,TUN,34.7397,10.7604,5250,522.0,-9.2,25.3,23.1,5863,A,Ascent,False,-0.4900797485731624,0.9801594971463248
2026-08-11T14:50:30.243565,1786456230.2435975,TUN,34.7397,10.7604,5400,512.4,-10.3,7.5,23.5,5732,A,Ascent,False,-0.4983744937857243,0.9967489875714486
2026-08-11T14:50:31.294478,1786456231.29451,TUN,34.7396,10.7604,5550,502.2,-10.8,8.3,23.3,5780,A,Ascent,False,-0.4757994564935858,0.9515989129871716
2026-08-11T14:50:32.344320,1786456232.3443737,TUN,34.7396,10.7604,5700,491.1,-12.3,17.7,23.6,5901,A,Ascent,False,-0.47761260036609177,0.9552252007321835
2026-08-11T14:50:33.391549,1786456233.391592,TUN,34.7396,10.7605,5850,480.9,-13.3,6.9,23.5,5831,A,Ascent,False,-0.4707636857269454,0.9415273714538908
2026-08-11T14:50:34.440479,1786456234.4405117,TUN,34.7396,10.7605,6000,471.4,-13.7,21.1,23.6,6025,A,Ascent,False,-0.48732276995002544,0.9746455399000509
2026-08-11T14:50:35.490507,1786456235.4905276,TUN,34.7396,10.7605,6150,461.3,-15.2,7.0,23.4,5916,A,Ascent,False,-0.5017861517594167,1.0
2026-08-11T14:50:36.514545,1786456236.514577,TUN,34.7396,10.7605,6300,452.9,-16.2,16.4,23.4,6066,A,Ascent,False,-0.4648989938953758,0.9297979877907516
2026-08-11T14:50:37.552403,1786456237.5524228,TUN,34.7396,10.7605,6450,443.0,-17.2,16.8,22.9,6106,A,Ascent,False,-0.4555253035529874,0.9110506071059749
2026-08-11T14:50:38.576447,1786456238.5764694,TUN,34.7396,10.7605,6600,433.9,-18.2,9.8,23.1,6087,A,Ascent,False,-0.45731758120754606,0.9146351624150921
2026-08-11T14:50:39.602386,1786456239.6024075,TUN,34.7396,10.7605,6750,425.6,-19.3,26.5,23.0,6309,A,Ascent,False,-0.45844580547635716,0.9168916109527143
2026-08-11T14:50:40.627423,1786456240.627449,TUN,34.7396,10.7605,6900,416.7,-20.3,20.8,23.1,6304,A,Ascent,False,-0.43955568278958784,0.8791113655791757
2026-08-11T14:50:41.661436,1786456241.6614583,TUN,34.7396,10.7605,7050,407.7,-21.3,25.8,22.5,6398,A,Ascent,False,-0.4508117735533848,0.9016235471067696
2026-08-11T14:50:42.690459,1786456242.6904802,TUN,34.7395,10.7606,7200,399.1,-21.9,27.8,23.1,6482,A,Ascent,False,-0.4421985347738347,0.8843970695476694
2026-08-11T14:50:43.712682,1786456243.712712,TUN,34.7395,10.7606,7350,391.4,-22.6,10.2,22.8,6369,A,Ascent,False,-0.46349531217009016,0.9269906243401803
2026-08-11T14:50:44.977100,1786456244.9771209,TUN,34.7395,10.7606,7500,381.6,-23.7,10.3,22.5,6408,A,Ascent,False,-0.44465220118802556,0.8893044023760511
2026-08-11T14:50:46.006534,1786456246.006576,TUN,34.7395,10.7606,7650,373.8,-24.8,19.2,22.4,6557,A,Ascent,False,-0.4351355277646701,0.8702710555293403
2026-08-11T14:50:47.054424,1786456247.0544436,TUN,34.7395,10.7606,7800,367.1,-25.6,9.9,22.4,6539,A,Ascent,False,-0.4436719342816737,0.8873438685633473
2026-08-11T14:50:48.083472,1786456248.0835218,TUN,34.7395,10.7606,7950,359.4,-27.0,29.6,22.2,6793,A,Ascent,False,-0.46755681965859164,0.9351136393171833
2026-08-11T14:50:49.129832,1786456249.129864,TUN,34.7395,10.7606,8100,350.3,-27.7,26.2,22.9,6818,A,Ascent,False,-0.457833411510018,0.915666823020036
2026-08-11T14:50:50.178801,1786456250.178824,TUN,34.7395,10.7606,8250,343.3,-28.6,20.4,22.3,6825,A,Ascent,False,-0.4458944687493847,0.8917889374987694
2026-08-11T14:50:51.201411,1786456251.2014313,TUN,34.7395,10.7606,8400,336.2,-30.0,7.3,22.4,6760,A,Ascent,False,-0.46600542294308633,0.9320108458861727
2026-08-11T14:50:52.225399,1786456252.2254183,TUN,34.7395,10.7607,8550,327.8,-30.9,24.5,22.7,6993,A,Ascent,False,-0.4516527181066696,0.9033054362133393
2026-08-11T14:50:53.248554,1786456253.2485855,TUN,34.7394,10.7607,8700,322.0,-31.2,25.0,22.7,7086,A,Ascent,False,-0.44394254108896275,0.8878850821779255
2026-08-11T14:50:54.291448,1786456254.2914798,TUN,34.7394,10.7607,8850,314.0,-32.7,10.4,22.3,6991,A,Ascent,False,-0.4695679204980416,0.9391358409960832
2026-08-11T14:50:55.333435,1786456255.3334608,TUN,34.7394,10.7607,9000,307.1,-33.4,12.5,22.2,7085,A,Ascent,False,-0.4429026525890103,0.8858053051780206
2026-08-11T14:50:56.360588,1786456256.3606198,TUN,34.7394,10.7607,9150,300.6,-34.2,24.3,22.3,7281,A,Ascent,False,-0.44413503728076537,0.8882700745615307
2026-08-11T14:50:57.403446,1786456257.4034765,TUN,34.7394,10.7607,9300,294.3,-35.1,10.6,22.4,7223,A,Ascent,False,-0.4506937800353964,0.9013875600707928
2026-08-11T14:50:58.430584,1786456258.4306166,TUN,34.7394,10.7607,9450,288.3,-36.1,23.0,22.5,7428,A,Ascent,False,-0.46047137635637836,0.9209427527127567
2026-08-11T14:50:59.471478,1786456259.4714992,TUN,34.7394,10.7607,9600,281.4,-37.0,22.1,22.4,7490,A,Ascent,False,-0.451446496310058,0.902892992620116
2026-08-11T14:51:00.493494,1786456260.4935317,TUN,34.7394,10.7608,9750,274.0,-38.1,23.3,21.9,7563,A,Ascent,False,-0.44795601131718654,0.8959120226343731
2026-08-11T14:51:01.525387,1786456261.5254064,TUN,34.7394,10.7608,9900,269.3,-39.5,8.9,21.7,7506,A,Ascent,False,-0.4607509029998896,0.9215018059997792
2026-08-11T14:51:02.547425,1786456262.5474455,TUN,34.7394,10.7608,10050,262.4,-40.0,30.3,22.4,7803,A,Ascent,False,-0.48198826126496214,0.9639765225299243
2026-08-11T14:51:03.571431,1786456263.5714533,TUN,34.7394,10.7608,10200,257.2,-41.7,29.7,22.1,7875,A,Ascent,False,-0.46348537579255067,0.9269707515851013
2026-08-11T14:51:04.593454,1786456264.5934727,TUN,34.7393,10.7608,10350,249.6,-42.0,23.0,21.6,7873,A,Ascent,False,-0.4570055197701363,0.9140110395402726
2026-08-11T14:51:05.616406,1786456265.616426,TUN,34.7393,10.7608,10500,245.3,-43.3,17.7,22.1,7919,A,Ascent,False,-0.4412818591383585,0.882563718276717
2026-08-11T14:51:06.638551,1786456266.6385825,TUN,34.7393,10.7608,10650,239.6,-43.7,26.0,21.8,8088,A,Ascent,False,-0.44252747487312455,0.8850549497462491
2026-08-11T14:51:07.684463,1786456267.6844826,TUN,34.7393,10.7608,10800,234.3,-45.2,16.3,21.6,8071,A,Ascent,False,-0.44639805084091116,0.8927961016818223
2026-08-11T14:51:08.706421,1786456268.7064455,TUN,34.7393,10.7608,10950,227.7,-46.3,27.7,22.1,8263,A,Ascent,False,-0.45322629084870947,0.9064525816974189
2026-08-11T14:51:09.732416,1786456269.7324367,TUN,34.7393,10.7609,11100,223.4,-46.7,26.2,21.6,8347,A,Ascent,False,-0.44660472268068735,0.8932094453613747
2026-08-11T14:51:10.754537,1786456270.7545698,TUN,34.7393,10.7609,11250,218.2,-47.8,15.9,21.7,8332,A,Ascent,False,-0.44008706398263187,0.8801741279652637
2026-08-11T14:51:11.792404,1786456271.7924268,TUN,34.7393,10.7609,11400,213.4,-49.6,19.7,22.0,8457,A,Ascent,False,-0.4584936636792612,0.9169873273585224
2026-08-11T14:51:12.815421,1786456272.8154447,TUN,34.7393,10.7609,11550,208.1,-50.2,9.4,21.9,8444,A,Ascent,False,-0.4461379783545259,0.8922759567090518
2026-08-11T14:51:13.838391,1786456273.8384166,TUN,34.7393,10.7609,11700,201.9,-51.1,6.7,21.1,8488,A,Ascent,False,-0.4539640564515884,0.9079281129031768
2026-08-11T14:51:14.863488,1786456274.8635283,TUN,34.7392,10.7609,11850,198.2,-51.8,21.8,21.4,8747,A,Ascent,False,-0.46103834100378904,0.9220766820075781
2026-08-11T14:51:15.912520,1786456275.9125516,TUN,34.7392,10.7609,12000,193.3,-52.7,11.7,21.6,8740,A,Ascent,False,-0.4427823046659221,0.8855646093318442
2026-08-11T14:51:16.953503,1786456276.9535341,TUN,34.7392,10.7609,12150,188.8,-54.0,24.9,21.4,8962,A,Ascent,False,-0.44986346361640633,0.8997269272328127
2026-08-11T14:51:17.987559,1786456277.9875915,TUN,34.7392,10.761,12300,184.7,-54.7,16.3,21.0,8975,A,Ascent,False,-0.42927903124932515,0.8585580624986503
2026-08-11T14:51:19.029433,1786456279.029453,TUN,34.7392,10.761,12450,180.9,-55.6,24.4,21.5,9164,A,Ascent,False,-0.4508340424041684,0.9016680848083368
2026-08-11T14:51:20.060425,1786456280.0604742,TUN,34.7392,10.761,12600,176.4,-56.8,29.7,20.9,9304,A,Ascent,False,-0.435739369532574,0.871478739065148
2026-08-11T14:51:21.085462,1786456281.085505,TUN,34.7392,10.761,12750,172.4,-57.5,18.7,20.8,9296,A,Ascent,False,-0.4308603054244237,0.8617206108488474
2026-08-11T14:51:22.122471,1786456282.1225028,TUN,34.7392,10.761,12900,168.5,-58.4,18.9,21.2,9404,A,Ascent,False,-0.4281428622305979,0.8562857244611958
2026-08-11T14:51:23.164467,1786456283.1644983,TUN,34.7392,10.761,13050,164.7,-59.5,15.4,21.4,9472,A,Ascent,False,-0.42771003855868045,0.8554200771173609
2026-08-11T14:51:24.225425,1786456284.2254522,TUN,34.7392,10.761,13200,159.9,-59.7,9.7,21.4,9515,A,Ascent,False,-0.4182808128676127,0.8365616257352254
2026-08-11T14:51:25.261414,1786456285.2614357,TUN,34.7392,10.761,13350,156.0,-59.6,24.7,20.6,9769,A,Ascent,False,-0.4429212316835744,0.8858424633671488
2026-08-11T14:51:26.284523,1786456286.2845726,TUN,34.7391,10.761,13500,152.2,-60.4,9.7,20.5,9721,A,Ascent,False,-0.43544343725220613,0.8708868745044123
2026-08-11T14:51:27.327645,1786456287.3276818,TUN,34.7391,10.7611,13650,149.3,-59.7,13.3,20.9,9890,A,Ascent,False,-0.4280341518866039,0.8560683037732078
2026-08-11T14:51:28.370577,1786456288.3706095,TUN,34.7391,10.7611,13800,146.4,-60.1,19.3,20.4,62,A,Ascent,False,-0.4109030309872967,0.8218060619745934
2026-08-11T14:51:29.417496,1786456289.4175267,TUN,34.7391,10.7611,13950,141.5,-60.5,15.6,21.3,131,A,Ascent,False,-0.44649215246045226,0.8929843049209045
2026-08-11T14:51:30.462465,1786456290.462486,TUN,34.7391,10.7611,14100,138.3,-60.3,10.5,20.7,194,A,Ascent,False,-0.42074307979198644,0.8414861595839729
2026-08-11T14:51:31.485444,1786456291.4854696,TUN,34.7391,10.7611,14250,135.8,-59.9,8.5,20.5,301,A,Ascent,False,-0.4140004853967806,0.8280009707935612
2026-08-11T14:51:32.515444,1786456292.515472,TUN,34.7391,10.7611,14400,132.8,-60.2,5.7,20.2,387,A,Ascent,False,-0.4267995406756707,0.8535990813513414
2026-08-11T14:51:33.538807,1786456293.538839,TUN,34.7391,10.7611,14550,129.2,-60.3,12.0,20.3,564,A,Ascent,False,-0.4355378761989164,0.8710757523978327
2026-08-11T14:51:34.583426,1786456294.5834515,TUN,34.7391,10.7611,14700,125.9,-59.8,21.9,20.4,786,A,Ascent,False,-0.41664025070952954,0.8332805014190591
2026-08-11T14:51:35.616524,1786456295.6165655,TUN,34.7391,10.7611,14850,123.3,-60.3,10.5,20.1,788,A,Ascent,False,-0.41436000180965293,0.8287200036193059
2026-08-11T14:51:36.928472,1786456296.9285035,TUN,34.739,10.7612,15000,120.9,-59.9,14.2,20.3,957,A,Ascent,False,-0.42193349457805485,0.8438669891561097
2026-08-11T14:51:37.975894,1786456297.9759266,TUN,34.739,10.7612,15150,117.2,-60.3,17.9,20.7,1107,A,Ascent,False,-0.4051433304836042,0.8102866609672084
2026-08-11T14:51:39.016562,1786456299.0166059,TUN,34.739,10.7612,15300,114.2,-60.2,22.2,20.3,1267,A,Ascent,False,-0.4069764047837288,0.8139528095674576
2026-08-11T14:51:40.064437,1786456300.064459,TUN,34.739,10.7612,15450,112.3,-60.0,11.0,20.7,1292,A,Ascent,False,-0.4089301909536135,0.817860381907227
2026-08-11T14:51:41.087483,1786456301.0875146,TUN,34.739,10.7612,15600,109.8,-60.1,9.6,20.6,1401,A,Ascent,False,-0.40803291568397415,0.8160658313679483
2026-08-11T14:51:42.132384,1786456302.1324048,TUN,34.739,10.7612,15750,107.7,-60.0,9.0,20.0,1519,A,Ascent,False,-0.4235735636492819,0.8471471272985638
2026-08-11T14:51:43.156404,1786456303.1564245,TUN,34.739,10.7612,15900,105.5,-60.2,8.0,20.5,1640,A,Ascent,False,-0.41529150393026526,0.8305830078605305
2026-08-11T14:51:44.179499,1786456304.1795313,TUN,34.739,10.7612,16050,101.8,-59.9,24.8,20.1,1920,A,Ascent,False,-0.42399844425714955,0.8479968885142991
2026-08-11T14:51:45.222481,1786456305.2225022,TUN,34.739,10.7613,16200,99.3,-60.2,24.1,20.2,2037,A,Ascent,False,-0.40260767178743506,0.8052153435748701
2026-08-11T14:51:46.244479,1786456306.244511,TUN,34.739,10.7613,16350,98.0,-59.5,24.1,20.5,2184,A,Ascent,False,-0.41679745666656726,0.8335949133331345
2026-08-11T14:51:47.288421,1786456307.288443,TUN,34.739,10.7613,16500,95.1,-59.7,6.0,20.5,2122,A,Ascent,False,-0.4199296196427087,0.8398592392854174
2026-08-11T14:51:48.313392,1786456308.3134177,TUN,34.7389,10.7613,16650,93.7,-60.0,22.2,20.0,2411,A,Ascent,False,-0.4202059142048996,0.8404118284097992
2026-08-11T14:51:49.344374,1786456309.3443944,TUN,34.7389,10.7613,16800,90.8,-60.3,21.7,20.3,2527,A,Ascent,False,-0.3980340054854481,0.7960680109708962
2026-08-11T14:51:50.368392,1786456310.368413,TUN,34.7389,10.7613,16950,89.4,-60.1,13.5,19.8,2578,A,Ascent,False,-0.40375713658303763,0.8075142731660753
2026-08-11T14:51:51.397368,1786456311.3973873,TUN,34.7389,10.7613,17100,86.5,-60.2,15.2,19.6,2713,A,Ascent,False,-0.3932490218709973,0.7864980437419946
2026-08-11T14:51:52.423387,1786456312.4234073,TUN,34.7389,10.7613,17250,83.7,-59.5,7.5,20.3,2772,A,Ascent,False,-0.43551585197183174,0.8710317039436635
2026-08-11T14:51:53.453516,1786456313.4535565,TUN,34.7389,10.7613,17400,81.6,-59.9,25.0,20.3,3072,A,Ascent,False,-0.4070987129000993,0.8141974258001986
2026-08-11T14:51:54.497549,1786456314.4975922,TUN,34.7389,10.7614,17550,80.6,-60.0,22.0,19.6,3175,A,Ascent,False,-0.4023629867918501,0.8047259735837002
2026-08-11T14:51:55.547351,1786456315.5473669,TUN,34.7389,10.7614,17700,78.5,-59.9,16.2,20.1,3252,A,Ascent,False,-0.39942023795153486,0.7988404759030697
2026-08-11T14:51:56.585505,1786456316.5855525,TUN,34.7389,10.7614,17850,77.1,-60.1,21.1,19.8,3432,A,Ascent,False,-0.39036534046017457,0.7807306809203491
2026-08-11T14:51:57.630594,1786456317.6306388,TUN,34.7389,10.7614,18000,74.4,-59.9,17.8,19.6,3522,A,Ascent,False,-0.4077286823558914,0.8154573647117828
2026-08-11T14:51:58.689570,1786456318.6896133,TUN,34.7388,10.7614,18150,74.0,-59.8,16.8,19.4,3656,A,Ascent,False,-0.4147541241244701,0.8295082482489402
2026-08-11T14:51:59.732515,1786456319.732546,TUN,34.7388,10.7614,18300,70.6,-59.6,7.1,19.7,3680,A,Ascent,False,-0.41264794966791063,0.8252958993358213
2026-08-11T14:52:00.768413,1786456320.768437,TUN,34.7388,10.7614,18450,69.2,-59.9,11.2,19.8,3855,A,Ascent,False,-0.40748829166173517,0.8149765833234703
2026-08-11T14:52:01.801474,1786456321.8015072,TUN,34.7388,10.7614,18600,69.2,-59.5,20.1,19.2,4092,A,Ascent,False,-0.4231182485324949,0.8462364970649898
2026-08-11T14:52:02.849554,1786456322.8496146,TUN,34.7388,10.7614,18750,66.6,-60.1,8.5,19.7,4099,A,Ascent,False,-0.4051326548510528,0.8102653097021056
2026-08-11T14:52:03.897594,1786456323.8976254,TUN,34.7388,10.7615,18900,65.3,-60.3,9.5,19.1,4239,A,Ascent,False,-0.4059621026414572,0.8119242052829144
2026-08-11T14:52:04.939459,1786456324.9394782,TUN,34.7388,10.7615,19050,64.2,-59.5,19.1,19.8,4489,A,Ascent,False,-0.4302015083154173,0.8604030166308346
2026-08-11T14:52:05.984378,1786456325.9843984,TUN,34.7388,10.7615,19200,61.9,-60.0,27.8,19.2,4692,A,Ascent,False,-0.4062026612104211,0.8124053224208422
2026-08-11T14:52:07.008503,1786456327.0085354,TUN,34.7388,10.7615,19350,59.8,-60.2,13.0,18.8,4667,A,Ascent,False,-0.4066057864520345,0.813211572904069
2026-08-11T14:52:08.054401,1786456328.0544295,TUN,34.7388,10.7615,19500,59.2,-59.9,18.6,18.9,4871,A,Ascent,False,-0.39653554259742774,0.7930710851948555
2026-08-11T14:52:09.087514,1786456329.0875468,TUN,34.7388,10.7615,19650,57.0,-60.4,4.4,18.7,4850,A,Ascent,False,-0.4295699076545017,0.8591398153090034
2026-08-11T14:52:10.131477,1786456330.131509,TUN,34.7387,10.7615,19800,57.4,-59.7,20.9,18.8,5176,A,Ascent,False,-0.41921975358869307,0.8384395071773861
2026-08-11T14:52:11.176396,1786456331.176415,TUN,34.7387,10.7615,19950,55.9,-60.4,8.2,19.3,5182,A,Ascent,False,-0.4095280513415024,0.8190561026830048
2026-08-11T14:52:12.203483,1786456332.2035148,TUN,34.7387,10.7616,20100,53.4,-59.8,19.8,18.7,5424,A,Ascent,False,-0.42332752088585013,0.8466550417717003
2026-08-11T14:52:13.238575,1786456333.238607,TUN,34.7387,10.7616,20250,52.0,-60.0,8.3,19.1,5447,A,Ascent,False,-0.40196914640970777,0.8039382928194155
2026-08-11T14:52:14.280538,1786456334.2805703,TUN,34.7387,10.7616,20400,51.9,-60.5,20.8,18.9,5714,A,Ascent,False,-0.4167761170341046,0.8335522340682092
2026-08-11T14:52:15.323606,1786456335.3236446,TUN,34.7387,10.7616,20550,50.3,-59.6,22.1,18.9,5870,A,Ascent,False,-0.4106413715486377,0.8212827430972754
2026-08-11T14:52:16.370479,1786456336.370511,TUN,34.7387,10.7616,20700,49.6,-59.6,22.8,19.2,6023,A,Ascent,False,-0.39383076454515176,0.7876615290903035
2026-08-11T14:52:17.407620,1786456337.4076526,TUN,34.7387,10.7616,20850,47.9,-59.7,13.5,18.5,6055,A,Ascent,False,-0.42233288462945917,0.8446657692589183
2026-08-11T14:52:18.451504,1786456338.4515367,TUN,34.7387,10.7616,21000,46.8,-60.5,6.2,19.1,6119,A,Ascent,False,-0.4246894877724727,0.8493789755449453
2026-08-11T14:52:19.494517,1786456339.494557,TUN,34.7387,10.7616,21150,45.9,-60.4,13.3,19.1,6332,A,Ascent,False,-0.4010353822620116,0.8020707645240231
2026-08-11T14:52:20.539615,1786456340.5396464,TUN,34.7386,10.7616,21300,44.8,-59.5,16.9,18.5,6509,A,Ascent,False,-0.4208257831604366,0.8416515663208732
2026-08-11T14:52:21.583419,1786456341.5834389,TUN,34.7386,10.7617,21450,44.2,-59.8,17.3,18.5,6655,A,Ascent,False,-0.39629274670607323,0.7925854934121465
2026-08-11T14:52:22.623509,1786456342.623544,TUN,34.7386,10.7617,21600,41.6,-60.5,19.3,18.2,6789,A,Ascent,False,-0.41102641200648915,0.8220528240129783
2026-08-11T14:52:23.669589,1786456343.6696317,TUN,34.7386,10.7617,21750,40.8,-59.9,5.5,18.6,6803,A,Ascent,False,-0.4254876748678593,0.8509753497357186
2026-08-11T14:52:24.717527,1786456344.71757,TUN,34.7386,10.7617,21900,39.8,-59.7,28.0,18.1,7165,A,Ascent,False,-0.42556506297268776,0.8511301259453755
2026-08-11T14:52:25.777432,1786456345.7774522,TUN,34.7386,10.7617,22050,39.4,-60.0,15.7,17.9,7183,A,Ascent,False,-0.3994933800614852,0.7989867601229704
2026-08-11T14:52:26.802507,1786456346.8025377,TUN,34.7386,10.7617,22200,38.9,-60.4,27.3,18.7,7448,A,Ascent,False,-0.44553769252942343,0.8910753850588469
2026-08-11T14:52:27.847537,1786456347.8475697,TUN,34.7386,10.7617,22350,38.6,-59.6,8.5,18.3,7411,A,Ascent,False,-0.448340950295706,0.896681900591412
2026-08-11T14:52:29.099562,1786456349.0996017,TUN,34.7386,10.7617,22500,36.8,-60.1,11.4,18.6,7570,A,Ascent,False,-0.40066915491049604,0.8013383098209921
2026-08-11T14:52:30.145051,1786456350.1450825,TUN,34.7386,10.7618,22650,36.8,-59.8,8.0,18.2,7686,A,Ascent,False,-0.41168639346920727,0.8233727869384145
2026-08-11T14:52:31.188572,1786456351.1886036,TUN,34.7386,10.7618,22800,35.2,-59.7,24.0,18.1,7980,A,Ascent,False,-0.41513900271858095,0.8302780054371619
2026-08-11T14:52:32.231495,1786456352.2315273,TUN,34.7385,10.7618,22950,33.4,-60.1,20.7,17.9,8072,A,Ascent,False,-0.39673656802463475,0.7934731360492695
2026-08-11T14:52:33.278493,1786456353.2785244,TUN,34.7385,10.7618,23100,33.3,-59.8,27.5,17.9,8292,A,Ascent,False,-0.41108517066115696,0.8221703413223139
2026-08-11T14:52:34.332497,1786456354.3325286,TUN,34.7385,10.7618,23250,33.4,-59.6,13.8,17.6,8305,A,Ascent,False,-0.4089185266319888,0.8178370532639776
2026-08-11T14:52:35.378547,1786456355.378579,TUN,34.7385,10.7618,23400,32.2,-60.1,23.3,17.7,8534,A,Ascent,False,-0.4044233278240747,0.8088466556481494
2026-08-11T14:52:36.433426,1786456356.4334574,TUN,34.7385,10.7618,23550,30.5,-60.3,6.6,18.2,8503,A,Ascent,False,-0.4170790174387355,0.834158034877471
2026-08-11T14:52:37.478474,1786456357.4785025,TUN,34.7385,10.7618,23700,30.1,-60.4,29.8,18.3,8881,A,Ascent,False,-0.43928489348034666,0.8785697869606933
2026-08-11T14:52:38.522479,1786456358.5225189,TUN,34.7385,10.7618,23850,29.0,-60.0,26.2,17.8,8983,A,Ascent,False,-0.4203272825721572,0.8406545651443144
2026-08-11T14:52:39.567382,1786456359.567414,TUN,34.7385,10.7619,24000,29.0,-60.1,19.3,17.9,9065,A,Ascent,False,-0.4124075609513635,0.824815121902727
2026-08-11T14:52:40.614207,1786456360.6142673,TUN,34.7385,10.7619,24150,27.9,-59.8,18.8,17.5,9198,A,Ascent,False,-0.4047274438641945,0.809454887728389
2026-08-11T14:52:41.656521,1786456361.656548,TUN,34.7385,10.7619,24300,28.6,-59.6,23.1,18.1,9406,A,Ascent,False,-0.4099827862775989,0.8199655725551978
2026-08-11T14:52:42.683508,1786456362.6835356,TUN,34.7384,10.7619,24450,27.3,-60.3,24.1,17.9,9543,A,Ascent,False,-0.42234100332771135,0.8446820066554227
2026-08-11T14:52:43.731300,1786456363.7313495,TUN,34.7384,10.7619,24600,26.9,-60.1,8.6,17.8,9535,A,Ascent,False,-0.4143363336718151,0.8286726673436302
2026-08-11T14:52:44.776513,1786456364.7765474,TUN,34.7384,10.7619,24750,25.0,-60.5,22.7,17.8,9803,A,Ascent,False,-0.4196239488246129,0.8392478976492258
2026-08-11T14:52:45.819553,1786456365.8195944,TUN,34.7384,10.7619,24900,26.1,-60.1,17.6,17.2,9911,A,Ascent,False,-0.41211554625451474,0.8242310925090295
2026-08-11T14:52:46.864602,1786456366.8646338,TUN,34.7384,10.7619,25050,25.6,-60.1,18.1,17.7,66,A,Ascent,False,-0.3985064363894358,0.7970128727788716
2026-08-11T14:52:47.908964,1786456367.9089966,TUN,34.7384,10.7619,25200,24.5,-60.4,27.5,17.4,293,A,Ascent,False,-0.4135107614429765,0.827021522885953
2026-08-11T14:52:48.951469,1786456368.9515,TUN,34.7384,10.762,25350,23.0,-60.2,14.0,17.8,300,A,Ascent,False,-0.4107226773052784,0.8214453546105568
2026-08-11T14:52:49.995483,1786456369.9955153,TUN,34.7384,10.762,25500,23.8,-60.2,21.5,17.8,533,A,Ascent,False,-0.41988975678133345,0.8397795135626669
2026-08-11T14:52:51.037591,1786456371.0376225,TUN,34.7384,10.762,25650,22.9,-59.6,24.0,17.2,699,A,Ascent,False,-0.41146248901352617,0.8229249780270523
2026-08-11T14:52:52.084519,1786456372.0845625,TUN,34.7384,10.762,25800,22.0,-60.5,16.5,17.6,760,A,Ascent,False,-0.4155277377360283,0.8310554754720566
2026-08-11T14:52:53.127466,1786456373.1274984,TUN,34.7384,10.762,25950,22.2,-59.7,24.2,17.6,997,A,Ascent,False,-0.42575716419076903,0.8515143283815381
2026-08-11T14:52:54.170686,1786456374.1707342,TUN,34.7383,10.762,26100,20.1,-60.2,18.7,17.4,1063,A,Ascent,False,-0.4234141008671387,0.8468282017342774
2026-08-11T14:52:55.205023,1786456375.205056,TUN,34.7383,10.762,26250,21.3,-60.3,9.3,17.6,1132,A,Ascent,False,-0.4198645105074943,0.8397290210149886
2026-08-11T14:52:56.247570,1786456376.2476025,TUN,34.7383,10.762,26400,19.1,-59.5,28.6,17.4,1459,A,Ascent,False,-0.46301825238837224,0.9260365047767445
2026-08-11T14:52:57.291487,1786456377.2915184,TUN,34.7383,10.7621,26550,19.1,-60.5,27.2,16.6,1578,A,Ascent,False,-0.4508789754480283,0.9017579508960566
2026-08-11T14:52:58.334297,1786456378.3343499,TUN,34.7383,10.7621,26700,19.0,-60.3,27.3,16.8,1732,A,Ascent,False,-0.4436416828696067,0.8872833657392134
2026-08-11T14:52:59.376346,1786456379.3763645,TUN,34.7383,10.7621,26850,18.9,-59.9,17.6,16.6,1786,A,Ascent,False,-0.4311511408904802,0.8623022817809604
2026-08-11T14:53:00.398055,1786456380.398106,TUN,34.7383,10.7621,27000,17.6,-60.3,10.9,17.3,1859,A,Ascent,False,-0.43305876027678786,0.8661175205535757
2026-08-11T14:53:01.440674,1786456381.4407063,TUN,34.7383,10.7621,27150,17.2,-59.6,4.9,17.3,1952,A,Ascent,False,-0.44507063199108,0.89014126398216
2026-08-11T14:53:02.481615,1786456382.4816468,TUN,34.7383,10.7621,27300,18.2,-60.2,28.7,16.6,2337,A,Ascent,False,-0.4647246720745901,0.9294493441491802
2026-08-11T14:53:03.525200,1786456383.525232,TUN,34.7383,10.7621,27450,17.5,-59.9,5.3,16.4,2247,A,Ascent,False,-0.45703249913632,0.91406499827264
2026-08-11T14:53:04.571542,1786456384.5715852,TUN,34.7382,10.7621,27600,16.2,-60.2,4.6,16.6,2375,A,Ascent,False,-0.44546548644704137,0.8909309728940827
2026-08-11T14:53:05.614530,1786456385.6145797,TUN,34.7382,10.7621,27750,16.1,-60.3,18.7,16.9,2667,A,Ascent,False,-0.4399649763425207,0.8799299526850414
2026-08-11T14:53:06.657484,1786456386.657516,TUN,34.7382,10.7622,27900,16.3,-60.0,7.1,16.9,2707,A,Ascent,False,-0.433911695183731,0.867823390367462
2026-08-11T14:53:07.709537,1786456387.7095695,TUN,34.7382,10.7622,28050,15.0,-59.7,18.6,16.8,2961,A,Ascent,False,-0.42014402115740634,0.8402880423148127
2026-08-11T14:53:08.755552,1786456388.7555952,TUN,34.7382,10.7622,28200,15.5,-60.5,23.1,16.2,3147,A,Ascent,False,-0.43491446240766035,0.8698289248153207
2026-08-11T14:53:09.819586,1786456389.8196192,TUN,34.7382,10.7622,28350,14.0,-59.5,19.2,16.9,3260,A,Ascent,False,-0.44263296906648386,0.8852659381329677
2026-08-11T14:53:10.869411,1786456390.869434,TUN,34.7382,10.7622,28500,14.0,-60.3,21.8,16.4,3423,A,Ascent,False,-0.4328039872735086,0.8656079745470172
2026-08-11T14:53:11.892520,1786456391.8925512,TUN,34.7382,10.7622,28650,14.3,-60.5,11.4,16.1,3467,A,Ascent,False,-0.44148243860527514,0.8829648772105503
2026-08-11T14:53:12.941777,1786456392.9418092,TUN,34.7382,10.7622,28800,13.1,-59.9,19.8,16.3,3697,A,Ascent,False,-0.4320558543285977,0.8641117086571954
2026-08-11T14:53:13.984300,1786456393.984332,TUN,34.7382,10.7622,28950,12.5,-59.5,9.9,16.5,3748,A,Ascent,False,-0.4293767111705008,0.8587534223410016
2026-08-11T14:53:15.025411,1786456395.0254312,TUN,34.7382,10.7622,29100,13.0,-60.1,13.8,15.9,3930,A,Ascent,False,-0.4491186842343716,0.8982373684687432
2026-08-11T14:53:16.047578,1786456396.0476117,TUN,34.7381,10.7623,29250,13.6,-60.2,8.6,16.5,4039,A,Ascent,False,-0.442047127117454,0.884094254234908
2026-08-11T14:53:17.090939,1786456397.0909703,TUN,34.7381,10.7623,29400,13.1,-59.8,23.0,16.0,4327,A,Ascent,False,-0.4383903054343214,0.8767806108686428
2026-08-11T14:53:18.131913,1786456398.1319668,TUN,34.7381,10.7623,29550,11.9,-60.0,23.2,16.4,4469,A,Ascent,False,-0.41192782022069524,0.8238556404413905
2026-08-11T14:53:19.172107,1786456399.1721385,TUN,34.7381,10.7623,29700,12.5,-60.5,11.1,16.5,4500,A,Ascent,False,-0.43051587765422555,0.8610317553084511
2026-08-11T14:53:20.211520,1786456400.2115512,TUN,34.7381,10.7623,29850,11.9,-59.6,27.4,15.7,4808,A,Ascent,False,-0.46371219782997486,0.9274243956599497
2026-08-11T14:53:21.576389,1786456401.5764086,TUN,34.7381,10.7623,30000,11.0,-60.2,6.8,15.6,4736,A,Ascent,False,-0.4565456581245527,0.9130913162491054
2026-08-11T14:53:22.601475,1786456402.6015055,TUN,34.7381,10.7623,30000,10.5,-60.2,5.0,15.9,4716,A,Ascent,False,-0.46129429907335473,0.9225885981467095
2026-08-11T14:53:23.651515,1786456403.6515474,TUN,34.7381,10.7623,30000,12.3,-59.9,16.0,16.0,4848,A,Ascent,False,-0.4612748905609471,0.9225497811218942
2026-08-11T14:53:24.697557,1786456404.6975894,TUN,34.7381,10.7623,30000,10.4,-59.7,26.4,15.9,4934,A,Ascent,False,-0.4651610580186082,0.9303221160372164
2026-08-11T14:53:25.739804,1786456405.7398465,TUN,34.7381,10.7623,30000,10.6,-60.2,29.4,16.4,4966,A,Ascent,False,-0.4682115868799098,0.9364231737598196
2026-08-11T14:53:26.782541,1786456406.7825754,TUN,34.7381,10.7623,30000,11.6,-60.0,21.6,15.5,4891,A,Ascent,False,-0.485181941074255,0.97036388214851
2026-08-11T14:53:27.832579,1786456407.8326101,TUN,34.7381,10.7623,30000,10.8,-60.3,21.3,16.1,4883,A,Ascent,False,-0.4568133701857034,0.9136267403714068
2026-08-11T14:53:28.875532,1786456408.8755698,TUN,34.7381,10.7623,30000,11.2,-59.7,19.0,15.6,4865,A,Ascent,False,-0.466859565514462,0.933719131028924
2026-08-11T14:53:29.919537,1786456409.9195685,TUN,34.7381,10.7623,30000,11.9,-60.0,27.8,16.1,4962,A,Ascent,False,-0.46656433928589625,0.9331286785717925
2026-08-11T14:53:30.963564,1786456410.9635952,TUN,34.7381,10.7623,30000,10.8,-59.9,8.8,16.1,4762,A,Ascent,False,-0.4620034676916656,0.9240069353833312
2026-08-11T14:53:32.008510,1786456412.0085425,TUN,34.7381,10.7623,30000,11.5,-60.0,15.1,15.8,4828,A,Ascent,False,-0.44034138361797265,0.8806827672359453
2026-08-11T14:53:33.051477,1786456413.0515084,TUN,34.7381,10.7623,30000,11.2,-60.4,13.1,15.5,4798,A,Ascent,False,-0.4518906042332132,0.9037812084664264
2026-08-11T14:53:34.094633,1786456414.094664,TUN,34.7381,10.7623,30000,11.7,-60.3,25.8,15.5,4931,A,Ascent,False,-0.4695873125816533,0.9391746251633066
2026-08-11T14:53:35.138554,1786456415.1386287,TUN,34.7381,10.7623,30000,10.4,-60.0,5.7,16.1,4726,A,Ascent,False,-0.46944570185802026,0.9388914037160405
2026-08-11T14:53:36.179566,1786456416.1795974,TUN,34.7381,10.7623,30000,12.1,-60.1,7.7,15.5,4756,A,Ascent,False,-0.4656068685360972,0.9312137370721943
2026-08-11T14:53:37.220524,1786456417.2205586,TUN,34.7381,10.7623,30000,11.3,-60.3,20.6,15.9,4879,A,Ascent,False,-0.4675573635245851,0.9351147270491702
2026-08-11T14:53:38.265591,1786456418.265624,TUN,34.7381,10.7623,30000,11.2,-60.2,11.0,16.0,4784,A,Ascent,False,-0.4515700762377985,0.903140152475597
2026-08-11T14:53:39.308538,1786456419.3085697,TUN,34.7381,10.7623,30000,10.4,-60.4,13.3,16.1,4798,A,Ascent,False,-0.4483527126549947,0.8967054253099894
2026-08-11T14:53:40.351466,1786456420.3514977,TUN,34.7381,10.7623,30000,11.4,-59.8,20.8,15.6,4884,A,Ascent,False,-0.45447088424975307,0.9089417684995061
2026-08-11T14:53:41.392616,1786456421.3926475,TUN,34.7381,10.7623,30000,11.6,-59.5,10.5,15.5,4785,A,Ascent,False,-0.46142622979239767,0.9228524595847953
2026-08-11T14:53:42.435539,1786456422.435572,TUN,34.7381,10.7623,30000,10.7,-59.8,25.0,16.4,4927,A,Ascent,False,-0.5038004665552133,1.0
2026-08-11T14:53:43.479402,1786456423.4794266,TUN,34.7381,10.7623,30000,11.0,-59.7,18.3,16.4,4864,A,Ascent,False,-0.45667425434213343,0.9133485086842669
2026-08-11T14:53:44.514509,1786456424.514541,TUN,34.7381,10.7623,30000,11.0,-59.9,22.6,16.0,4901,A,Ascent,False,-0.46973363087586545,0.9394672617517309
2026-08-11T14:53:45.555544,1786456425.5556037,TUN,34.7381,10.7623,30000,11.7,-59.9,20.6,15.5,4883,A,Ascent,False,-0.4699151679248727,0.9398303358497454
2026-08-11T14:53:46.601481,1786456426.6015122,TUN,34.7381,10.7623,30000,10.7,-59.8,20.5,16.4,4882,A,Ascent,False,-0.5178270265340746,1.0
2026-08-11T14:53:47.641536,1786456427.6415668,TUN,34.7381,10.7623,30000,11.9,-60.3,12.4,15.5,4799,A,Ascent,False,-0.48679327547857326,0.9735865509571465
2026-08-11T14:53:48.682552,1786456428.6825943,TUN,34.7381,10.7623,29550,11.1,-60.2,22.1,15.7,4441,D,Descent,False,-0.4958921937959774,0.9917843875919548
2026-08-11T14:53:49.732490,1786456429.7325232,TUN,34.7382,10.7622,29100,13.4,-59.9,5.9,16.0,3858,D,Descent,False,-0.5061004864934704,1.0
2026-08-11T14:53:50.775012,1786456430.7750442,TUN,34.7382,10.7622,28650,14.3,-59.5,7.4,16.3,3439,D,Descent,False,-0.4867368033757007,0.9734736067514014
2026-08-11T14:53:51.818502,1786456431.8185384,TUN,34.7382,10.7622,28200,14.6,-60.4,12.6,16.9,3041,D,Descent,False,-0.5257821977773578,1.0
2026-08-11T14:53:52.865529,1786456432.8655648,TUN,34.7382,10.7621,27750,16.4,-60.0,18.3,16.4,2664,D,Descent,False,-0.49154293537486865,0.9830858707497373
2026-08-11T14:53:53.897594,1786456433.8976405,TUN,34.7383,10.7621,27300,16.5,-60.3,24.9,17.1,2286,D,Descent,False,-0.49151284117099336,0.9830256823419867
2026-08-11T14:53:54.961459,1786456434.9614904,TUN,34.7383,10.7621,26850,19.5,-60.4,8.8,16.6,1699,D,Descent,False,-0.49398166573105634,0.9879633314621127
2026-08-11T14:53:55.999746,1786456435.9997678,TUN,34.7383,10.762,26400,19.5,-60.1,29.3,17.4,1464,D,Descent,False,-0.5196157117225455,1.0
2026-08-11T14:53:57.042580,1786456437.042625,TUN,34.7384,10.762,25950,21.2,-60.1,18.5,17.7,927,D,Descent,False,-0.48466240244276865,0.9693248048855373
2026-08-11T14:53:58.100494,1786456438.1005263,TUN,34.7384,10.762,25500,22.3,-59.8,4.0,17.3,342,D,Descent,False,-0.5049682004289225,1.0
2026-08-11T14:53:59.146482,1786456439.1465135,TUN,34.7384,10.7619,25050,23.9,-60.5,15.9,17.7,23,D,Descent,False,-0.4832695856856873,0.9665391713713746
2026-08-11T14:54:00.174406,1786456440.1744282,TUN,34.7384,10.7619,24600,27.3,-60.0,19.9,17.2,9647,D,Descent,False,-0.48352190083305324,0.9670438016661065
2026-08-11T14:54:01.212571,1786456441.2126157,TUN,34.7385,10.7619,24150,28.9,-60.0,20.7,17.7,9227,D,Descent,False,-0.4527050169420945,0.905410033884189
2026-08-11T14:54:02.255501,1786456442.2555342,TUN,34.7385,10.7618,23700,29.9,-59.7,18.6,17.4,8765,D,Descent,False,-0.46025665941543287,0.9205133188308657
2026-08-11T14:54:03.299160,1786456443.2992578,TUN,34.7385,10.7618,23250,32.6,-60.2,14.1,17.7,8295,D,Descent,False,-0.47653577607376724,0.9530715521475345
2026-08-11T14:54:04.340605,1786456444.3406372,TUN,34.7386,10.7618,22800,34.5,-60.4,28.4,18.4,8013,D,Descent,False,-0.488990772446604,0.977981544893208
2026-08-11T14:54:05.383576,1786456445.3836193,TUN,34.7386,10.7617,22350,37.9,-60.4,29.0,18.3,7601,D,Descent,False,-0.4704243835252774,0.9408487670505548
2026-08-11T14:54:06.427469,1786456446.427494,TUN,34.7386,10.7617,21900,40.3,-60.3,9.4,18.0,6977,D,Descent,False,-0.4886315469504779,0.9772630939009558
2026-08-11T14:54:07.467569,1786456447.4675999,TUN,34.7386,10.7617,21450,43.2,-60.4,8.5,18.8,6554,D,Descent,False,-0.49746454633401715,0.9949290926680343
2026-08-11T14:54:08.521075,1786456448.5211012,TUN,34.7387,10.7616,21000,47.0,-60.4,12.8,19.1,6188,D,Descent,False,-0.47545322648626853,0.9509064529725371
2026-08-11T14:54:09.578487,1786456449.5785172,TUN,34.7387,10.7616,20550,50.5,-59.6,28.1,18.8,5931,D,Descent,False,-0.49711840643804023,0.9942368128760805
2026-08-11T14:54:10.622472,1786456450.6224923,TUN,34.7387,10.7616,20100,54.0,-60.4,19.0,19.0,5419,D,Descent,False,-0.4558836881270921,0.9117673762541842
2026-08-11T14:54:11.645471,1786456451.6454997,TUN,34.7388,10.7615,19650,58.5,-59.7,9.3,19.5,4929,D,Descent,False,-0.4721210860968399,0.9442421721936798
2026-08-11T14:54:12.674472,1786456452.674505,TUN,34.7388,10.7615,19200,63.0,-60.5,22.3,19.0,4641,D,Descent,False,-0.4879703115903448,0.9759406231806896
2026-08-11T14:54:13.961426,1786456453.9614482,TUN,34.7388,10.7614,18750,66.9,-60.5,10.7,19.0,4113,D,Descent,False,-0.4695164583793201,0.9390329167586402
2026-08-11T14:54:14.986496,1786456454.986529,TUN,34.7388,10.7614,18300,72.4,-60.4,7.4,19.4,3690,D,Descent,False,-0.46098281420519377,0.9219656284103875
2026-08-11T14:54:16.036693,1786456456.0367239,TUN,34.7389,10.7614,17850,77.5,-60.0,22.2,19.2,3442,D,Descent,False,-0.488983563166798,0.977967126333596
2026-08-11T14:54:17.079757,1786456457.0797906,TUN,34.7389,10.7613,17400,83.4,-60.0,23.8,19.3,3067,D,Descent,False,-0.4578442187596278,0.9156884375192555
2026-08-11T14:54:18.120556,1786456458.1205885,TUN,34.7389,10.7613,16950,88.6,-60.3,12.0,20.3,2558,D,Descent,False,-0.5021441571492465,1.0
2026-08-11T14:54:19.163521,1786456459.1635542,TUN,34.739,10.7613,16500,94.8,-60.2,8.8,19.6,2133,D,Descent,False,-0.4782106851754647,0.9564213703509294
2026-08-11T14:54:20.206492,1786456460.2065418,TUN,34.739,10.7612,16050,102.2,-59.5,13.7,20.2,1818,D,Descent,False,-0.4942387476259491,0.9884774952518982
2026-08-11T14:54:21.250549,1786456461.2505817,TUN,34.739,10.7612,15600,110.5,-59.9,23.8,20.7,1553,D,Descent,False,-0.5031632791744356,1.0
2026-08-11T14:54:22.294533,1786456462.294566,TUN,34.739,10.7612,15150,117.3,-60.5,11.1,20.5,1036,D,Descent,False,-0.47506465863379066,0.9501293172675813
2026-08-11T14:54:23.335526,1786456463.3355606,TUN,34.7391,10.7611,14700,126.5,-59.8,16.0,21.1,740,D,Descent,False,-0.4900171052255513,0.9800342104511026
2026-08-11T14:54:24.388589,1786456464.3886218,TUN,34.7391,10.7611,14250,136.4,-59.6,11.3,20.8,341,D,Descent,False,-0.48397126035892796,0.9679425207178559
2026-08-11T14:54:25.432490,1786456465.4325223,TUN,34.7391,10.7611,13800,145.0,-59.9,24.3,20.9,105,D,Descent,False,-0.4963394330092495,0.992678866018499
2026-08-11T14:54:26.475631,1786456466.4756775,TUN,34.7392,10.761,13350,157.0,-60.4,29.3,21.0,9821,D,Descent,False,-0.4972636712204382,0.9945273424408764
2026-08-11T14:54:27.518528,1786456467.518559,TUN,34.7392,10.761,12900,166.9,-58.8,15.0,21.5,9348,D,Descent,False,-0.5034020856569104,1.0
2026-08-11T14:54:28.565472,1786456468.5655048,TUN,34.7392,10.761,12450,180.9,-56.1,17.6,21.5,9091,D,Descent,False,-0.5171723706626888,1.0
2026-08-11T14:54:29.612530,1786456469.6125615,TUN,34.7392,10.7609,12000,194.0,-53.0,29.3,21.4,8918,D,Descent,False,-0.545976738405647,1.0
2026-08-11T14:54:30.659471,1786456470.659504,TUN,34.7393,10.7609,11550,207.5,-49.8,21.9,21.4,8562,D,Descent,False,-0.5445799707801743,1.0
2026-08-11T14:54:31.703583,1786456471.7036283,TUN,34.7393,10.7609,11100,222.9,-47.1,13.3,21.5,8208,D,Descent,False,-0.5439443386096843,1.0
2026-08-11T14:54:32.774487,1786456472.7745333,TUN,34.7393,10.7608,10650,240.1,-44.0,10.1,21.8,7931,D,Descent,False,-0.5287412223881306,1.0
2026-08-11T14:54:33.800430,1786456473.8004556,TUN,34.7394,10.7608,10200,255.7,-40.8,16.4,21.8,7733,D,Descent,False,-0.525677500325364,1.0
2026-08-11T14:54:34.846608,1786456474.8466482,TUN,34.7394,10.7608,9750,275.1,-38.7,14.6,21.6,7478,D,Descent,False,-0.5404001960616586,1.0
2026-08-11T14:54:35.890516,1786456475.8905485,TUN,34.7394,10.7607,9300,294.8,-35.1,7.9,22.6,7203,D,Descent,False,-0.5739050667028863,1.0
2026-08-11T14:54:36.932567,1786456476.9325988,TUN,34.7394,10.7607,8850,314.0,-32.9,11.1,22.3,6996,D,Descent,False,-0.5538497774160022,1.0
2026-08-11T14:54:37.974610,1786456477.9746413,TUN,34.7395,10.7606,8400,336.1,-29.6,8.1,22.5,6772,D,Descent,False,-0.555314275146011,1.0
2026-08-11T14:54:39.016469,1786456479.0165026,TUN,34.7395,10.7606,7950,359.2,-27.2,15.6,23.0,6657,D,Descent,False,-0.5593268142606823,1.0
2026-08-11T14:54:40.059557,1786456480.0595882,TUN,34.7395,10.7606,7500,382.0,-24.2,9.0,23.2,6401,D,Descent,False,-0.5538298440156356,1.0
2026-08-11T14:54:41.101646,1786456481.101683,TUN,34.7396,10.7605,7050,408.5,-20.4,22.3,22.7,6382,D,Descent,False,-0.5826323899410321,1.0
2026-08-11T14:54:42.145493,1786456482.145525,TUN,34.7396,10.7605,6600,434.9,-18.3,17.8,23.2,6177,D,Descent,False,-0.5489640107616708,1.0
2026-08-11T14:54:43.189553,1786456483.1895864,TUN,34.7396,10.7605,6150,463.0,-15.3,21.6,22.7,6071,D,Descent,False,-0.5728639785049531,1.0
2026-08-11T14:54:44.240585,1786456484.2406275,TUN,34.7396,10.7604,5700,492.3,-12.3,8.8,23.4,5822,D,Descent,False,-0.5690994649706955,1.0
2026-08-11T14:54:45.286480,1786456485.2865129,TUN,34.7397,10.7604,5250,522.8,-8.7,12.3,23.9,5754,D,Descent,False,-0.5816420756651624,1.0
2026-08-11T14:54:46.330817,1786456486.3308485,TUN,34.7397,10.7604,4800,554.5,-6.3,50.0,23.9,6022,D,Descent,False,-0.6113031456463951,1.0
2026-08-11T14:54:47.377512,1786456487.3775432,TUN,34.7397,10.7603,4350,588.6,-2.8,47.0,23.4,5912,D,Descent,False,-0.6163392813404611,1.0
2026-08-11T14:54:48.424512,1786456488.424545,TUN,34.7398,10.7603,3900,625.3,-0.7,34.8,24.1,5736,D,Descent,False,-0.6038700703477118,1.0
2026-08-11T14:54:49.469486,1786456489.4695265,TUN,34.7398,10.7603,3450,662.7,2.4,48.0,24.3,5825,D,Descent,False,-0.5982367697747016,1.0
2026-08-11T14:54:50.516523,1786456490.5165553,TUN,34.7398,10.7602,3000,701.6,5.6,41.3,24.0,5725,D,Descent,False,-0.5952346867282428,1.0
2026-08-11T14:54:51.563586,1786456491.563618,TUN,34.7398,10.7602,2550,741.2,8.0,32.5,24.7,5614,D,Descent,False,-0.5852748326315023,1.0
2026-08-11T14:54:52.613522,1786456492.6135547,TUN,34.7399,10.7602,2100,785.6,11.8,43.4,24.7,5756,D,Descent,False,-0.6054782826494943,1.0
2026-08-11T14:54:53.690016,1786456493.6900582,TUN,34.7399,10.7601,1650,829.3,13.9,20.1,24.6,5529,D,Descent,False,-0.6002208599532456,1.0
2026-08-11T14:54:54.756407,1786456494.7564268,TUN,34.7399,10.7601,1200,876.2,17.5,27.2,24.5,5654,D,Descent,False,-0.6036793701606002,1.0
2026-08-11T14:54:55.782510,1786456495.7825434,TUN,34.74,10.7601,750,927.2,20.2,75.8,24.7,6230,D,Descent,True,-0.6780785108161119,1.0
2026-08-11T14:54:57.090486,1786456497.0905182,TUN,34.74,10.76,300,976.8,23.0,53.8,24.6,6082,D,Descent,True,-0.6695174271740796,1.0
2026-08-11T14:54:58.334547,1786456498.3345788,TUN,34.74,10.76,0,1014.1,24.6,65.2,25.3,6292,L,Landing,True,-0.6656981199856463,1.0
2026-08-11T14:54:59.592174,1786456499.5922022,TUN,34.74,10.76,0,1012.9,24.9,68.1,24.6,6305,L,Landing,False,-0.6323117004370096,1.0
2026-08-11T14:55:00.626503,1786456500.6265357,TUN,34.74,10.76,0,1013.8,24.7,56.7,25.0,6202,L,Landing,False,-0.5734992922327323,1.0
2026-08-11T14:55:01.668584,1786456501.668629,TUN,34.74,10.76,0,1013.9,24.8,55.5,25.2,6194,L,Landing,False,-0.5707970556008287,1.0
2026-08-11T14:55:02.728947,1786456502.7289793,TUN,34.74,10.76,0,1013.6,24.8,77.5,24.5,6404,L,Landing,False,-0.6131122829765163,1.0
2026-08-11T14:55:03.769583,1786456503.7696157,TUN,34.74,10.76,0,1012.7,24.8,71.7,25.1,6343,L,Landing,False,-0.5950701054441052,1.0
2026-08-11T14:55:04.809499,1786456504.8095415,TUN,34.74,10.76,0,1013.7,25.5,44.9,24.6,6087,L,Landing,False,-0.6067804486644175,1.0
2026-08-11T14:55:05.861957,1786456505.8619978,TUN,34.74,10.76,0,1013.7,25.0,40.8,24.9,6044,L,Landing,False,-0.5689328371401292,1.0
2026-08-11T14:55:07.126774,1786456507.1267896,TUN,34.7395,10.7595,0,1013.7,25.1,41.9,25.2,6049,L,Landing,False,-0.5778299366192501,1.0
2026-08-11T14:55:08.167061,1786456508.1670933,TUN,34.7395,10.7595,150,995.7,23.5,71.3,24.8,6293,A,Ascent,False,-0.6174906395111415,1.0
2026-08-11T14:55:09.206526,1786456509.2065582,TUN,34.7395,10.7595,300,977.8,23.3,56.8,25.1,6120,A,Ascent,False,-0.569849738710273,1.0
2026-08-11T14:55:10.247057,1786456510.247078,TUN,34.7395,10.7595,450,959.8,21.6,43.8,24.4,5936,A,Ascent,False,-0.5741221021506085,1.0
2026-08-11T14:55:11.269507,1786456511.269528,TUN,34.7395,10.7595,600,942.9,21.1,61.3,24.6,6089,A,Ascent,False,-0.5724617255065109,1.0
2026-08-11T14:55:12.291826,1786456512.2918484,TUN,34.7395,10.7596,750,925.7,20.6,56.7,25.2,6023,A,Ascent,False,-0.5329278869094527,1.0
2026-08-11T14:55:13.314113,1786456513.3141444,TUN,34.7394,10.7596,900,909.6,19.5,55.7,24.5,5983,A,Ascent,False,-0.5493937766535222,1.0
2026-08-11T14:55:14.354403,1786456514.3544257,TUN,34.7394,10.7596,1050,892.6,17.9,19.5,24.9,5589,A,Ascent,False,-0.5756921471432652,1.0
2026-08-11T14:55:15.379959,1786456515.3799913,TUN,34.7394,10.7596,1200,876.8,17.5,47.1,24.6,5850,A,Ascent,False,-0.5662992430656264,1.0
2026-08-11T14:55:16.420410,1786456516.4204397,TUN,34.7394,10.7596,1350,860.3,15.8,22.8,24.9,5578,A,Ascent,False,-0.5809905809182376,1.0
2026-08-11T14:55:17.444408,1786456517.4444287,TUN,34.7394,10.7596,1500,846.5,14.8,32.2,24.4,5669,A,Ascent,False,-0.5444909402566773,1.0
2026-08-11T14:55:18.482391,1786456518.4824104,TUN,34.7394,10.7596,1650,830.8,14.1,35.1,24.4,5684,A,Ascent,False,-0.5013001218982839,1.0
2026-08-11T14:55:19.508512,1786456519.5085428,TUN,34.7394,10.7596,1800,815.3,13.4,43.1,24.2,5750,A,Ascent,False,-0.49829685935715456,0.9965937187143091
2026-08-11T14:55:20.557404,1786456520.55743,TUN,34.7394,10.7597,1950,799.6,12.4,21.4,24.8,5523,A,Ascent,False,-0.524902062232916,1.0
2026-08-11T14:55:21.589482,1786456521.5895123,TUN,34.7394,10.7597,2100,784.6,11.0,30.4,24.4,5595,A,Ascent,False,-0.5118214121841589,1.0
2026-08-11T14:55:22.630472,1786456522.6305025,TUN,34.7394,10.7597,2250,771.4,10.0,46.1,24.5,5761,A,Ascent,False,-0.5155127483294684,1.0
2026-08-11T14:55:23.671496,1786456523.6715274,TUN,34.7393,10.7597,2400,755.7,9.7,42.2,24.1,5707,A,Ascent,False,-0.5074268777394293,1.0
2026-08-11T14:55:24.714441,1786456524.7144792,TUN,34.7393,10.7597,2550,742.5,8.6,22.4,23.9,5514,A,Ascent,False,-0.49944863605746576,0.9988972721149315
2026-08-11T14:55:25.737620,1786456525.737653,TUN,34.7393,10.7597,2700,727.4,7.9,47.5,24.2,5760,A,Ascent,False,-0.5282036203821522,1.0
2026-08-11T14:55:26.780467,1786456526.7804985,TUN,34.7393,10.7597,2850,713.6,6.2,27.7,23.9,5554,A,Ascent,False,-0.5039565127839848,1.0
2026-08-11T14:55:27.831543,1786456527.8315744,TUN,34.7393,10.7597,3000,700.5,5.8,40.5,24.5,5703,A,Ascent,False,-0.5084105851004446,1.0
2026-08-11T14:55:28.866548,1786456528.8665946,TUN,34.7393,10.7597,3150,687.8,5.0,49.0,23.8,5796,A,Ascent,False,-0.5136707050683603,1.0
2026-08-11T14:55:29.931470,1786456529.9314983,TUN,34.7393,10.7598,3300,673.9,4.0,20.7,24.4,5521,A,Ascent,False,-0.5177829726211604,1.0
2026-08-11T14:55:30.958444,1786456530.9584687,TUN,34.7393,10.7598,3450,661.8,2.5,48.1,23.9,5804,A,Ascent,False,-0.529166609147327,1.0
2026-08-11T14:55:31.982437,1786456531.9824686,TUN,34.7393,10.7598,3600,648.9,1.9,32.4,24.3,5666,A,Ascent,False,-0.4886217413793486,0.9772434827586972
2026-08-11T14:55:33.018423,1786456533.0184493,TUN,34.7393,10.7598,3750,637.5,0.6,43.9,24.1,5802,A,Ascent,False,-0.503826562631784,1.0
2026-08-11T14:55:34.051486,1786456534.051509,TUN,34.7393,10.7598,3900,624.1,-0.2,23.5,23.4,5599,A,Ascent,False,-0.5092438253686717,1.0
2026-08-11T14:55:35.080379,1786456535.0804002,TUN,34.7392,10.7598,4050,612.9,-0.9,32.9,23.4,5723,A,Ascent,False,-0.4789395536376811,0.9578791072753622
2026-08-11T14:55:36.104422,1786456536.1044428,TUN,34.7392,10.7598,4200,600.0,-2.5,21.2,23.4,5611,A,Ascent,False,-0.49456021798477784,0.9891204359695557
2026-08-11T14:55:37.131453,1786456537.131481,TUN,34.7392,10.7598,4350,588.9,-3.6,36.7,24.0,5800,A,Ascent,False,-0.49422430869513223,0.9884486173902645
2026-08-11T14:55:38.174464,1786456538.1744843,TUN,34.7392,10.7598,4500,577.7,-4.6,26.3,23.4,5718,A,Ascent,False,-0.48665198706325674,0.9733039741265135
2026-08-11T14:55:39.223600,1786456539.2236314,TUN,34.7392,10.7599,4650,566.0,-4.8,27.1,23.8,5762,A,Ascent,False,-0.4810531675867046,0.9621063351734092
2026-08-11T14:55:40.265573,1786456540.2656054,TUN,34.7392,10.7599,4800,554.5,-6.2,44.2,23.6,5952,A,Ascent,False,-0.49295202401637334,0.9859040480327467
2026-08-11T14:55:41.307570,1786456541.3076017,TUN,34.7392,10.7599,4950,543.2,-6.9,19.6,23.5,5735,A,Ascent,False,-0.47781280795496267,0.9556256159099253
2026-08-11T14:55:42.348874,1786456542.3489068,TUN,34.7392,10.7599,5100,532.9,-8.6,14.3,23.0,5707,A,Ascent,False,-0.48517074992973863,0.9703414998594773
2026-08-11T14:55:43.389585,1786456543.3896167,TUN,34.7392,10.7599,5250,521.5,-9.2,9.1,23.1,5686,A,Ascent,False,-0.49235606939482696,0.9847121387896539
2026-08-11T14:55:44.430437,1786456544.4304576,TUN,34.7392,10.7599,5400,512.1,-10.4,13.5,23.5,5778,A,Ascent,False,-0.4897701778866011,0.9795403557732022
2026-08-11T14:55:45.455329,1786456545.4553773,TUN,34.7391,10.7599,5550,502.1,-10.9,11.6,23.8,5806,A,Ascent,False,-0.48485051862044,0.96970103724088
2026-08-11T14:55:46.496532,1786456546.496564,TUN,34.7391,10.7599,5700,491.2,-12.0,14.5,23.6,5863,A,Ascent,False,-0.47683827201876294,0.9536765440375259
2026-08-11T14:55:47.537383,1786456547.5374157,TUN,34.7391,10.76,5850,480.9,-13.3,24.8,23.3,5998,A,Ascent,False,-0.4542823550346335,0.908564710069267
2026-08-11T14:55:48.584542,1786456548.5845752,TUN,34.7391,10.76,6000,471.6,-14.2,16.0,23.4,5959,A,Ascent,False,-0.4503687553474002,0.9007375106948003
2026-08-11T14:55:49.625615,1786456549.625647,TUN,34.7391,10.76,6150,461.6,-15.2,16.0,22.8,5993,A,Ascent,False,-0.46090539513059575,0.9218107902611915
2026-08-11T14:55:50.669749,1786456550.6697812,TUN,34.7391,10.76,6300,452.1,-16.2,5.7,22.6,5933,A,Ascent,False,-0.4730929234980926,0.9461858469961852
2026-08-11T14:55:51.711513,1786456551.711546,TUN,34.7391,10.76,6450,442.8,-16.7,15.8,22.7,6087,A,Ascent,False,-0.4630382354033658,0.9260764708067316
2026-08-11T14:55:52.754530,1786456552.7545626,TUN,34.7391,10.76,6600,433.7,-18.2,28.3,23.5,6264,A,Ascent,False,-0.5080610529001746,1.0
2026-08-11T14:55:53.796567,1786456553.796616,TUN,34.7391,10.76,6750,425.2,-18.7,18.2,22.8,6216,A,Ascent,False,-0.4620267895196548,0.9240535790393096
2026-08-11T14:55:54.836475,1786456554.8365076,TUN,34.7391,10.76,6900,416.0,-20.1,24.8,22.8,6326,A,Ascent,False,-0.45446453572233364,0.9089290714446673
2026-08-11T14:55:55.878595,1786456555.8786385,TUN,34.7391,10.76,7050,407.5,-20.9,24.2,23.4,6383,A,Ascent,False,-0.45080700145821584,0.9016140029164317
2026-08-11T14:55:56.922600,1786456556.9226317,TUN,34.739,10.7601,7200,399.7,-21.7,31.9,22.9,6519,A,Ascent,False,-0.45164623152984945,0.9032924630596989
2026-08-11T14:55:57.968324,1786456557.9683647,TUN,34.739,10.7601,7350,391.5,-22.9,23.5,23.2,6494,A,Ascent,False,-0.44702365612354145,0.8940473122470829
2026-08-11T14:55:59.306491,1786456559.3065128,TUN,34.739,10.7601,7500,382.2,-23.9,12.9,23.2,6435,A,Ascent,False,-0.44379595372735503,0.8875919074547101
2026-08-11T14:56:00.328575,1786456560.3286178,TUN,34.739,10.7601,7650,373.8,-25.0,13.8,22.3,6490,A,Ascent,False,-0.46576134043066203,0.9315226808613241
2026-08-11T14:56:01.372988,1786456561.3730223,TUN,34.739,10.7601,7800,366.5,-25.7,11.1,22.7,6537,A,Ascent,False,-0.4491934815864874,0.8983869631729748
2026-08-11T14:56:02.413458,1786456562.413487,TUN,34.739,10.7601,7950,359.2,-26.5,9.2,22.5,6585,A,Ascent,False,-0.45213114895709106,0.9042622979141821
2026-08-11T14:56:03.440436,1786456563.4404626,TUN,34.739,10.7601,8100,350.5,-27.2,27.2,22.5,6821,A,Ascent,False,-0.4498957483333949,0.8997914966667898
2026-08-11T14:56:04.464505,1786456564.4645383,TUN,34.739,10.7601,8250,342.6,-28.9,18.8,22.8,6794,A,Ascent,False,-0.4545983424047611,0.9091966848095222
2026-08-11T14:56:05.505701,1786456565.5057435,TUN,34.739,10.7601,8400,336.0,-29.6,17.0,22.0,6845,A,Ascent,False,-0.4574274116791872,0.9148548233583744
2026-08-11T14:56:06.550428,1786456566.5504487,TUN,34.739,10.7602,8550,327.7,-30.3,9.0,22.2,6828,A,Ascent,False,-0.44834584957355034,0.8966916991471007
2026-08-11T14:56:07.571504,1786456567.571528,TUN,34.7389,10.7602,8700,320.9,-31.8,29.3,22.8,7103,A,Ascent,False,-0.4877473263362409,0.9754946526724818
2026-08-11T14:56:08.594507,1786456568.594527,TUN,34.7389,10.7602,8850,315.2,-32.6,22.9,22.7,7123,A,Ascent,False,-0.44526740934392983,0.8905348186878597
2026-08-11T14:56:09.619498,1786456569.6195214,TUN,34.7389,10.7602,9000,307.3,-33.2,18.5,22.4,7141,A,Ascent,False,-0.4435484856730456,0.8870969713460912
2026-08-11T14:56:10.641494,1786456570.6415257,TUN,34.7389,10.7602,9150,301.3,-34.7,29.3,22.5,7325,A,Ascent,False,-0.45892747197084366,0.9178549439416873
2026-08-11T14:56:11.682530,1786456571.6825626,TUN,34.7389,10.7602,9300,294.5,-35.5,19.7,22.2,7300,A,Ascent,False,-0.4489468184178579,0.8978936368357158
2026-08-11T14:56:12.729502,1786456572.72954,TUN,34.7389,10.7602,9450,287.6,-36.6,21.9,22.4,7394,A,Ascent,False,-0.4471147608365134,0.8942295216730268
2026-08-11T14:56:13.763558,1786456573.763601,TUN,34.7389,10.7602,9600,280.8,-37.4,6.1,21.6,7302,A,Ascent,False,-0.4671221695798856,0.9342443391597712
2026-08-11T14:56:14.821484,1786456574.821512,TUN,34.7389,10.7603,9750,273.9,-38.6,13.1,22.4,7450,A,Ascent,False,-0.46435317465112247,0.9287063493022449
2026-08-11T14:56:15.856434,1786456575.8564541,TUN,34.7389,10.7603,9900,268.0,-39.6,12.6,22.0,7522,A,Ascent,False,-0.44006799767904703,0.8801359953580941
2026-08-11T14:56:16.879414,1786456576.879453,TUN,34.7389,10.7603,10050,262.3,-40.6,24.5,22.3,7727,A,Ascent,False,-0.4440523859319931,0.8881047718639862
2026-08-11T14:56:17.901387,1786456577.9014075,TUN,34.7389,10.7603,10200,256.6,-41.7,28.9,21.6,7846,A,Ascent,False,-0.4619957202961302,0.9239914405922603
2026-08-11T14:56:18.925548,1786456578.92558,TUN,34.7388,10.7603,10350,250.4,-42.5,12.3,22.2,7765,A,Ascent,False,-0.45311346298306393,0.9062269259661279
2026-08-11T14:56:19.968509,1786456579.968528,TUN,34.7388,10.7603,10500,244.1,-42.8,14.3,21.4,7861,A,Ascent,False,-0.45479863728101766,0.9095972745620353
2026-08-11T14:56:21.008554,1786456581.0085855,TUN,34.7388,10.7603,10650,238.6,-43.9,10.9,21.7,7914,A,Ascent,False,-0.4464182926346908,0.8928365852693816
2026-08-11T14:56:22.052518,1786456582.052551,TUN,34.7388,10.7603,10800,234.4,-45.4,8.9,22.0,7990,A,Ascent,False,-0.45105359744541773,0.9021071948908355
2026-08-11T14:56:23.084543,1786456583.0845757,TUN,34.7388,10.7603,10950,227.6,-45.9,20.6,21.3,8177,A,Ascent,False,-0.46920834889832574,0.9384166977966515
2026-08-11T14:56:24.125520,1786456584.125551,TUN,34.7388,10.7604,11100,223.0,-46.7,10.3,21.9,8177,A,Ascent,False,-0.4466339760998045,0.893267952199609
2026-08-11T14:56:25.170520,1786456585.170552,TUN,34.7388,10.7604,11250,218.1,-48.4,18.8,21.2,8339,A,Ascent,False,-0.4697863286347782,0.9395726572695564
2026-08-11T14:56:26.212503,1786456586.2125378,TUN,34.7388,10.7604,11400,213.4,-48.9,24.7,21.3,8497,A,Ascent,False,-0.44479801325367446,0.8895960265073489
2026-08-11T14:56:27.255506,1786456587.2555256,TUN,34.7388,10.7604,11550,207.0,-50.1,10.4,21.1,8426,A,Ascent,False,-0.45978805134972073,0.9195761026994415
2026-08-11T14:56:28.281602,1786456588.2816465,TUN,34.7388,10.7604,11700,202.8,-51.4,13.5,21.6,8557,A,Ascent,False,-0.4544894781467541,0.9089789562935082
2026-08-11T14:56:29.338763,1786456589.3388064,TUN,34.7387,10.7604,11850,197.1,-52.5,18.0,21.6,8683,A,Ascent,False,-0.44823224960473645,0.8964644992094729
2026-08-11T14:56:30.380511,1786456590.3805432,TUN,34.7387,10.7604,12000,194.1,-53.4,6.1,21.5,8674,A,Ascent,False,-0.44943408611093305,0.8988681722218661
2026-08-11T14:56:31.429593,1786456591.429627,TUN,34.7387,10.7604,12150,189.4,-53.9,4.7,20.9,8752,A,Ascent,False,-0.45279620172952467,0.9055924034590493
2026-08-11T14:56:32.474538,1786456592.474578,TUN,34.7387,10.7605,12300,184.4,-55.1,25.5,21.2,9052,A,Ascent,False,-0.46740109590947043,0.9348021918189409
2026-08-11T14:56:33.507402,1786456593.507425,TUN,34.7387,10.7605,12450,179.8,-56.3,29.6,21.3,9186,A,Ascent,False,-0.4422191254030055,0.884438250806011
2026-08-11T14:56:34.529456,1786456594.5294943,TUN,34.7387,10.7605,12600,175.4,-56.5,24.6,21.3,9240,A,Ascent,False,-0.4408743601407352,0.8817487202814704
2026-08-11T14:56:35.559655,1786456595.5596917,TUN,34.7387,10.7605,12750,170.8,-58.2,7.6,21.2,9156,A,Ascent,False,-0.472965384376265,0.94593076875253
2026-08-11T14:56:36.607488,1786456596.607511,TUN,34.7387,10.7605,12900,166.8,-58.6,20.2,21.4,9390,A,Ascent,False,-0.46675119559385,0.9335023911877
2026-08-11T14:56:37.631433,1786456597.6314538,TUN,34.7387,10.7605,13050,162.9,-59.8,11.8,21.2,9403,A,Ascent,False,-0.4598206687888221,0.9196413375776442
2026-08-11T14:56:38.655411,1786456598.6554337,TUN,34.7387,10.7605,13200,159.0,-60.5,9.8,20.6,9481,A,Ascent,False,-0.43051116474265927,0.8610223294853185
2026-08-11T14:56:39.677555,1786456599.677587,TUN,34.7387,10.7605,13350,155.3,-60.2,13.9,20.5,9637,A,Ascent,False,-0.4271825091993629,0.8543650183987258
2026-08-11T14:56:40.719539,1786456600.719569,TUN,34.7386,10.7605,13500,152.6,-60.1,6.2,20.9,9687,A,Ascent,False,-0.4253824282602854,0.8507648565205708
2026-08-11T14:56:41.766556,1786456601.7665875,TUN,34.7386,10.7606,13650,148.8,-60.1,16.2,20.6,9897,A,Ascent,False,-0.4177832492627086,0.8355664985254172
2026-08-11T14:56:42.819475,1786456602.8195062,TUN,34.7386,10.7606,13800,145.8,-59.9,10.4,20.8,9963,A,Ascent,False,-0.42304240982258334,0.8460848196451667
2026-08-11T14:56:43.859566,1786456603.8595977,TUN,34.7386,10.7606,13950,142.3,-59.9,5.8,20.5,29,A,Ascent,False,-0.42281340923312644,0.8456268184662529
2026-08-11T14:56:44.903836,1786456604.9038815,TUN,34.7386,10.7606,14100,139.1,-60.5,20.9,20.7,294,A,Ascent,False,-0.4211079119786922,0.8422158239573844
2026-08-11T14:56:45.949740,1786456605.949772,TUN,34.7386,10.7606,14250,136.4,-59.9,26.9,21.0,486,A,Ascent,False,-0.4156850761516957,0.8313701523033914
2026-08-11T14:56:46.990150,1786456606.9901822,TUN,34.7386,10.7606,14400,131.9,-60.1,13.1,20.9,450,A,Ascent,False,-0.4129202488477425,0.825840497695485
2026-08-11T14:56:48.030428,1786456608.030478,TUN,34.7386,10.7606,14550,129.4,-60.0,14.4,21.0,590,A,Ascent,False,-0.40203046140687376,0.8040609228137475
2026-08-11T14:56:49.072678,1786456609.0727093,TUN,34.7386,10.7606,14700,125.9,-60.0,3.7,20.2,590,A,Ascent,False,-0.43159697908814215,0.8631939581762843
2026-08-11T14:56:50.112995,1786456610.1130278,TUN,34.7386,10.7606,14850,123.5,-60.5,5.5,20.9,736,A,Ascent,False,-0.43336683131132425,0.8667336626226485
2026-08-11T14:56:51.386429,1786456611.3864572,TUN,34.7385,10.7607,15000,120.0,-59.7,8.2,20.5,882,A,Ascent,False,-0.43775555348800443,0.8755111069760089
2026-08-11T14:56:52.411479,1786456612.411511,TUN,34.7385,10.7607,15150,117.6,-60.4,15.3,21.0,1077,A,Ascent,False,-0.40903569162601566,0.8180713832520313
2026-08-11T14:56:53.448399,1786456613.448431,TUN,34.7385,10.7607,15300,115.1,-59.9,24.1,20.5,1290,A,Ascent,False,-0.41412510595879315,0.8282502119175863
2026-08-11T14:56:54.488616,1786456614.4886749,TUN,34.7385,10.7607,15450,112.3,-60.0,13.4,20.0,1299,A,Ascent,False,-0.41505515504605117,0.8301103100921023
2026-08-11T14:56:55.539714,1786456615.5397456,TUN,34.7385,10.7607,15600,109.2,-59.9,23.9,20.4,1528,A,Ascent,False,-0.4082666236930456,0.8165332473860912
2026-08-11T14:56:56.580256,1786456616.580288,TUN,34.7385,10.7607,15750,106.0,-59.9,27.4,20.4,1681,A,Ascent,False,-0.40410348544710467,0.8082069708942093
2026-08-11T14:56:57.619574,1786456617.6196373,TUN,34.7385,10.7607,15900,104.3,-59.9,24.1,20.5,1782,A,Ascent,False,-0.41916593906498545,0.8383318781299709
2026-08-11T14:56:58.667483,1786456618.6675153,TUN,34.7385,10.7607,16050,103.0,-59.8,7.3,19.7,1744,A,Ascent,False,-0.4444615545933886,0.8889231091867772
2026-08-11T14:56:59.727346,1786456619.7273674,TUN,34.7385,10.7608,16200,100.3,-60.0,23.3,20.6,2035,A,Ascent,False,-0.4584750913729357,0.9169501827458714
2026-08-11T14:57:00.748467,1786456620.7484987,TUN,34.7385,10.7608,16350,97.8,-59.8,9.9,20.0,2022,A,Ascent,False,-0.43759640006082945,0.8751928001216589
2026-08-11T14:57:01.793640,1786456621.7936707,TUN,34.7385,10.7608,16500,94.5,-59.6,12.2,20.0,2164,A,Ascent,False,-0.4135681030064734,0.8271362060129468
2026-08-11T14:57:02.834177,1786456622.834209,TUN,34.7384,10.7608,16650,92.0,-60.0,31.6,19.6,2474,A,Ascent,False,-0.4351613142764892,0.8703226285529784
2026-08-11T14:57:03.875501,1786456623.8755326,TUN,34.7384,10.7608,16800,91.3,-59.9,17.1,19.6,2473,A,Ascent,False,-0.41695467927143587,0.8339093585428717
2026-08-11T14:57:04.914543,1786456624.914575,TUN,34.7384,10.7608,16950,88.0,-59.8,7.8,20.2,2504,A,Ascent,False,-0.42479889294449413,0.8495977858889883
2026-08-11T14:57:05.954834,1786456625.954866,TUN,34.7384,10.7608,17100,85.6,-60.0,6.3,19.5,2606,A,Ascent,False,-0.42360315568819357,0.8472063113763871
2026-08-11T14:57:06.996700,1786456626.9967573,TUN,34.7384,10.7608,17250,84.7,-59.9,5.3,20.2,2745,A,Ascent,False,-0.45267461039683604,0.9053492207936721
2026-08-11T14:57:08.037920,1786456628.0379522,TUN,34.7384,10.7608,17400,81.6,-60.1,8.0,19.8,2885,A,Ascent,False,-0.42481374064053934,0.8496274812810787
2026-08-11T14:57:09.078030,1786456629.0780628,TUN,34.7384,10.7609,17550,80.6,-59.7,7.7,20.2,3031,A,Ascent,False,-0.4419040969668039,0.8838081939336078
2026-08-11T14:57:10.118665,1786456630.1187072,TUN,34.7384,10.7609,17700,78.9,-60.1,28.4,20.0,3365,A,Ascent,False,-0.4236848326670603,0.8473696653341206
2026-08-11T14:57:11.160176,1786456631.1602085,TUN,34.7384,10.7609,17850,76.7,-59.7,11.1,19.6,3320,A,Ascent,False,-0.4208463499742324,0.8416926999484649
2026-08-11T14:57:12.201010,1786456632.2010422,TUN,34.7384,10.7609,18000,75.1,-60.0,25.5,19.8,3597,A,Ascent,False,-0.4082270003167295,0.816454000633459
2026-08-11T14:57:13.242048,1786456633.242082,TUN,34.7383,10.7609,18150,72.3,-60.2,5.4,19.6,3513,A,Ascent,False,-0.4247829957399026,0.8495659914798052
2026-08-11T14:57:14.282309,1786456634.2823417,TUN,34.7383,10.7609,18300,71.9,-60.1,16.6,20.0,3776,A,Ascent,False,-0.4140720978020951,0.8281441956041902
2026-08-11T14:57:15.322755,1786456635.322788,TUN,34.7383,10.7609,18450,69.7,-60.0,25.4,19.0,3983,A,Ascent,False,-0.4305049126750842,0.8610098253501683
2026-08-11T14:57:16.363106,1786456636.3631387,TUN,34.7383,10.7609,18600,68.5,-60.0,16.4,19.0,4031,A,Ascent,False,-0.4143889484892653,0.8287778969785305
2026-08-11T14:57:17.403670,1786456637.4037023,TUN,34.7383,10.7609,18750,67.4,-60.1,24.1,19.9,4255,A,Ascent,False,-0.464250133975168,0.928500267950336
2026-08-11T14:57:18.445617,1786456638.4456496,TUN,34.7383,10.761,18900,64.8,-59.6,18.2,18.8,4315,A,Ascent,False,-0.4537222920256439,0.9074445840512878
2026-08-11T14:57:19.484930,1786456639.4849713,TUN,34.7383,10.761,19050,62.9,-59.5,28.7,19.2,4556,A,Ascent,False,-0.42317254623678013,0.8463450924735603
2026-08-11T14:57:20.529423,1786456640.529455,TUN,34.7383,10.761,19200,62.7,-60.1,17.9,19.1,4589,A,Ascent,False,-0.40963164274280456,0.8192632854856091
2026-08-11T14:57:21.569579,1786456641.5696118,TUN,34.7383,10.761,19350,60.1,-59.7,18.4,18.9,4720,A,Ascent,False,-0.40992359218612173,0.8198471843722435
2026-08-11T14:57:22.609575,1786456642.609615,TUN,34.7383,10.761,19500,58.9,-60.3,22.7,19.6,4902,A,Ascent,False,-0.4184648970708663,0.8369297941417326
2026-08-11T14:57:23.653553,1786456643.6535833,TUN,34.7383,10.761,19650,56.9,-60.1,27.3,18.6,5070,A,Ascent,False,-0.43131813195057656,0.8626362639011531
2026-08-11T14:57:24.694023,1786456644.6940665,TUN,34.7382,10.761,19800,55.6,-60.3,24.6,19.0,5181,A,Ascent,False,-0.4122083675048545,0.824416735009709
2026-08-11T14:57:25.738917,1786456645.7389495,TUN,34.7382,10.761,19950,54.7,-60.4,29.3,18.8,5366,A,Ascent,False,-0.42733803453615266,0.8546760690723053
2026-08-11T14:57:26.778447,1786456646.7784688,TUN,34.7382,10.7611,20100,53.5,-60.3,24.6,18.5,5456,A,Ascent,False,-0.4496701109329183,0.8993402218658366
2026-08-11T14:57:27.820498,1786456647.8205302,TUN,34.7382,10.7611,20250,53.1,-60.4,30.4,18.5,5659,A,Ascent,False,-0.44437421692707396,0.8887484338541479
2026-08-11T14:57:28.862595,1786456648.8626378,TUN,34.7382,10.7611,20400,51.1,-59.8,3.8,18.9,5533,A,Ascent,False,-0.44663466406291635,0.8932693281258327
2026-08-11T14:57:29.905489,1786456649.9055202,TUN,34.7382,10.7611,20550,49.7,-59.6,22.2,19.3,5859,A,Ascent,False,-0.428237013730699,0.856474027461398
2026-08-11T14:57:30.957529,1786456650.9575667,TUN,34.7382,10.7611,20700,48.3,-59.7,6.6,18.9,5834,A,Ascent,False,-0.4340780280976414,0.8681560561952828
2026-08-11T14:57:32.011537,1786456652.0115821,TUN,34.7382,10.7611,20850,48.8,-59.8,16.0,18.5,6078,A,Ascent,False,-0.42720965984591364,0.8544193196918273
2026-08-11T14:57:33.074491,1786456653.074511,TUN,34.7382,10.7611,21000,47.3,-59.7,23.9,18.5,6293,A,Ascent,False,-0.4185095387880614,0.8370190775761228
2026-08-11T14:57:34.097498,1786456654.0975304,TUN,34.7382,10.7611,21150,45.8,-60.0,6.7,18.5,6253,A,Ascent,False,-0.41751608781281857,0.8350321756256371
2026-08-11T14:57:35.136598,1786456655.1366305,TUN,34.7381,10.7611,21300,44.3,-60.0,8.9,18.7,6411,A,Ascent,False,-0.4099356684124534,0.8198713368249068
2026-08-11T14:57:36.179493,1786456656.179525,TUN,34.7381,10.7612,21450,44.2,-60.2,16.1,18.1,6625,A,Ascent,False,-0.41495864005529987,0.8299172801105997
2026-08-11T14:57:37.225599,1786456657.2256305,TUN,34.7381,10.7612,21600,41.7,-60.2,20.3,18.1,6792,A,Ascent,False,-0.4077758762679901,0.8155517525359802
2026-08-11T14:57:38.267624,1786456658.2676606,TUN,34.7381,10.7612,21750,42.1,-60.1,28.0,18.7,7030,A,Ascent,False,-0.42451958608782814,0.8490391721756563
2026-08-11T14:57:39.310534,1786456659.3105655,TUN,34.7381,10.7612,21900,41.0,-59.9,24.3,18.7,7134,A,Ascent,False,-0.40615144177738716,0.8123028835547743
2026-08-11T14:57:40.353521,1786456660.353553,TUN,34.7381,10.7612,22050,39.1,-60.1,15.1,18.8,7172,A,Ascent,False,-0.4005802929558298,0.8011605859116596
2026-08-11T14:57:41.395538,1786456661.3955705,TUN,34.7381,10.7612,22200,38.3,-59.8,11.3,18.7,7278,A,Ascent,False,-0.3995629842869156,0.7991259685738312
2026-08-11T14:57:42.437921,1786456662.437953,TUN,34.7381,10.7612,22350,38.1,-59.8,12.5,18.6,7437,A,Ascent,False,-0.4297554547793032,0.8595109095586064
2026-08-11T14:57:43.680979,1786456663.6810122,TUN,34.7381,10.7612,22500,37.6,-60.4,22.9,18.3,7677,A,Ascent,False,-0.40923875313093677,0.8184775062618735
2026-08-11T14:57:44.724501,1786456664.724534,TUN,34.7381,10.7613,22650,36.6,-60.4,18.2,18.5,7773,A,Ascent,False,-0.4028604662009965,0.805720932401993
2026-08-11T14:57:45.764951,1786456665.7649825,TUN,34.7381,10.7613,22800,35.2,-60.1,10.7,18.6,7838,A,Ascent,False,-0.40899609582125174,0.8179921916425035
2026-08-11T14:57:46.805512,1786456666.805544,TUN,34.738,10.7613,22950,33.9,-59.9,29.3,17.9,8155,A,Ascent,False,-0.42891416788212977,0.8578283357642595
2026-08-11T14:57:47.846173,1786456667.8462143,TUN,34.738,10.7613,23100,34.3,-60.1,19.9,18.3,8217,A,Ascent,False,-0.3993657741548392,0.7987315483096784
2026-08-11T14:57:48.895606,1786456668.8956392,TUN,34.738,10.7613,23250,32.9,-59.5,16.5,18.2,8324,A,Ascent,False,-0.4025328672486112,0.8050657344972224
2026-08-11T14:57:49.937464,1786456669.9374971,TUN,34.738,10.7613,23400,32.5,-60.3,8.0,18.3,8378,A,Ascent,False,-0.40903034033540214,0.8180606806708043
2026-08-11T14:57:50.983525,1786456670.9835575,TUN,34.738,10.7613,23550,30.4,-60.5,14.2,18.1,8565,A,Ascent,False,-0.407954631125322,0.815909262250644
2026-08-11T14:57:52.024793,1786456672.024826,TUN,34.738,10.7613,23700,30.1,-59.6,23.4,17.4,8806,A,Ascent,False,-0.4431876011000054,0.8863752022000108
2026-08-11T14:57:53.065531,1786456673.0655756,TUN,34.738,10.7613,23850,30.7,-60.0,19.8,17.5,8923,A,Ascent,False,-0.40967969423036465,0.8193593884607293
2026-08-11T14:57:54.117522,1786456674.1175725,TUN,34.738,10.7614,24000,29.7,-59.7,28.8,18.3,9165,A,Ascent,False,-0.4632576191858617,0.9265152383717234
2026-08-11T14:57:55.158528,1786456675.158559,TUN,34.738,10.7614,24150,28.2,-59.9,11.8,17.4,9119,A,Ascent,False,-0.4372069817608551,0.8744139635217102
2026-08-11T14:57:56.203501,1786456676.2035236,TUN,34.738,10.7614,24300,27.2,-59.5,8.6,18.1,9238,A,Ascent,False,-0.44218954230399926,0.8843790846079985
2026-08-11T14:57:57.230136,1786456677.2301803,TUN,34.7379,10.7614,24450,27.5,-60.5,20.7,17.9,9499,A,Ascent,False,-0.4285383904384062,0.8570767808768124
2026-08-11T14:57:58.275441,1786456678.275476,TUN,34.7379,10.7614,24600,26.7,-60.3,28.9,17.7,9723,A,Ascent,False,-0.4145862933702962,0.8291725867405924
2026-08-11T14:57:59.306445,1786456679.30647,TUN,34.7379,10.7614,24750,26.1,-59.9,20.4,17.9,9788,A,Ascent,False,-0.40660949350893516,0.8132189870178703
2026-08-11T14:58:00.343137,1786456680.3431692,TUN,34.7379,10.7614,24900,25.9,-60.2,4.1,18.0,9771,A,Ascent,False,-0.4391442277126034,0.8782884554252068
2026-08-11T14:58:01.386535,1786456681.386567,TUN,34.7379,10.7614,25050,24.5,-59.9,8.2,17.2,9943,A,Ascent,False,-0.43068906804491325,0.8613781360898265
2026-08-11T14:58:02.429461,1786456682.4294944,TUN,34.7379,10.7614,25200,23.5,-60.3,8.1,17.4,80,A,Ascent,False,-0.4197295522263244,0.8394591044526488
2026-08-11T14:58:03.474499,1786456683.4745317,TUN,34.7379,10.7615,25350,22.9,-59.5,25.8,17.4,410,A,Ascent,False,-0.4344494244471929,0.8688988488943858
2026-08-11T14:58:04.518588,1786456684.5186212,TUN,34.7379,10.7615,25500,22.7,-60.1,10.5,17.2,397,A,Ascent,False,-0.4147926497144424,0.8295852994288848
2026-08-11T14:58:05.560576,1786456685.5606089,TUN,34.7379,10.7615,25650,22.3,-59.9,25.3,17.3,694,A,Ascent,False,-0.44307872549898664,0.8861574509979733
2026-08-11T14:58:06.603580,1786456686.6036205,TUN,34.7379,10.7615,25800,21.6,-59.9,19.2,16.9,772,A,Ascent,False,-0.4053785350916659,0.8107570701833318
2026-08-11T14:58:07.659514,1786456687.6595473,TUN,34.7379,10.7615,25950,21.1,-60.3,15.2,16.8,872,A,Ascent,False,-0.4033285779448679,0.8066571558897359
2026-08-11T14:58:08.683534,1786456688.6835668,TUN,34.7378,10.7615,26100,21.2,-60.4,7.0,17.2,943,A,Ascent,False,-0.4144939322634339,0.8289878645268678
2026-08-11T14:58:09.731496,1786456689.7315285,TUN,34.7378,10.7615,26250,20.7,-60.3,20.7,16.7,1221,A,Ascent,False,-0.4264840870140035,0.852968174028007
2026-08-11T14:58:10.773457,1786456690.7734892,TUN,34.7378,10.7615,26400,19.6,-60.3,7.4,16.9,1229,A,Ascent,False,-0.43533959870673167,0.8706791974134633
2026-08-11T14:58:11.817179,1786456691.8172057,TUN,34.7378,10.7616,26550,20.2,-60.0,14.2,17.1,1459,A,Ascent,False,-0.4189948086823624,0.8379896173647248
2026-08-11T14:58:12.847480,1786456692.8475122,TUN,34.7378,10.7616,26700,19.8,-60.0,24.1,16.8,1701,A,Ascent,False,-0.4135369350793376,0.8270738701586752
2026-08-11T14:58:13.886491,1786456693.886524,TUN,34.7378,10.7616,26850,18.1,-59.6,27.1,16.7,1867,A,Ascent,False,-0.4184236259996091,0.8368472519992182
2026-08-11T14:58:14.916579,1786456694.916621,TUN,34.7378,10.7616,27000,17.9,-59.9,19.8,16.7,1939,A,Ascent,False,-0.40831165398777963,0.8166233079755593
2026-08-11T14:58:15.957908,1786456695.9579394,TUN,34.7378,10.7616,27150,18.3,-59.6,26.9,16.5,2165,A,Ascent,False,-0.42727990197339916,0.8545598039467983
2026-08-11T14:58:17.000714,1786456697.000746,TUN,34.7378,10.7616,27300,17.8,-59.7,26.4,16.7,2306,A,Ascent,False,-0.45921224933066607,0.9184244986613321
2026-08-11T14:58:18.043750,1786456698.0437822,TUN,34.7378,10.7616,27450,17.3,-59.9,23.2,16.4,2414,A,Ascent,False,-0.4587258223342182,0.9174516446684364
2026-08-11T14:58:19.084580,1786456699.084613,TUN,34.7377,10.7616,27600,15.6,-59.8,9.1,16.4,2406,A,Ascent,False,-0.4456719682334919,0.8913439364669838
2026-08-11T14:58:20.129500,1786456700.1295488,TUN,34.7377,10.7616,27750,17.1,-59.8,21.3,16.2,2691,A,Ascent,False,-0.4390070832651101,0.8780141665302202
2026-08-11T14:58:21.173551,1786456701.1735818,TUN,34.7377,10.7617,27900,16.4,-60.2,21.8,16.6,2840,A,Ascent,False,-0.4102691534680883,0.8205383069361766
2026-08-11T14:58:22.223589,1786456702.2236323,TUN,34.7377,10.7617,28050,14.6,-59.6,26.4,16.6,3024,A,Ascent,False,-0.4308726768055803,0.8617453536111606
2026-08-11T14:58:23.277314,1786456703.2773383,TUN,34.7377,10.7617,28200,15.6,-59.8,21.0,16.3,3125,A,Ascent,False,-0.41472508218981846,0.8294501643796369
2026-08-11T14:58:24.322487,1786456704.32252,TUN,34.7377,10.7617,28350,15.5,-60.0,17.5,16.1,3235,A,Ascent,False,-0.43967139023497126,0.8793427804699425
2026-08-11T14:58:25.374560,1786456705.3745925,TUN,34.7377,10.7617,28500,14.1,-60.1,22.5,16.9,3428,A,Ascent,False,-0.46160008091479576,0.9232001618295915
2026-08-11T14:58:26.427517,1786456706.4275491,TUN,34.7377,10.7617,28650,15.0,-59.8,8.7,16.3,3446,A,Ascent,False,-0.43781703340099837,0.8756340668019967
2026-08-11T14:58:27.468545,1786456707.468577,TUN,34.7377,10.7617,28800,14.3,-60.2,7.7,16.8,3580,A,Ascent,False,-0.424638281292387,0.849276562584774
2026-08-11T14:58:28.516558,1786456708.5165906,TUN,34.7377,10.7617,28950,12.9,-59.7,23.8,16.6,3880,A,Ascent,False,-0.45002766688606405,0.9000553337721281
2026-08-11T14:58:29.558481,1786456709.558513,TUN,34.7377,10.7617,29100,12.1,-59.9,16.8,16.0,3944,A,Ascent,False,-0.4340508343147729,0.8681016686295459
2026-08-11T14:58:30.608087,1786456710.6081188,TUN,34.7376,10.7618,29250,13.4,-59.9,21.5,16.0,4154,A,Ascent,False,-0.42592965191635657,0.8518593038327131
2026-08-11T14:58:31.649957,1786456711.64999,TUN,34.7376,10.7618,29400,12.8,-60.1,7.4,15.9,4154,A,Ascent,False,-0.4431378477331193,0.8862756954662386
2026-08-11T14:58:32.681391,1786456712.681424,TUN,34.7376,10.7618,29550,12.3,-59.6,15.1,15.8,4380,A,Ascent,False,-0.4256866433254598,0.8513732866509196
2026-08-11T14:58:33.723984,1786456713.724017,TUN,34.7376,10.7618,29700,12.8,-60.2,11.2,15.8,4490,A,Ascent,False,-0.45740716475315635,0.9148143295063127
2026-08-11T14:58:34.766088,1786456714.7661204,TUN,34.7376,10.7618,29850,11.0,-59.8,6.3,16.2,4581,A,Ascent,False,-0.4365727480470034,0.8731454960940068
2026-08-11T14:58:36.041704,1786456716.041755,TUN,34.7376,10.7618,30000,10.8,-60.0,22.1,16.4,4887,A,Ascent,False,-0.43655687484233563,0.8731137496846713
2026-08-11T14:58:37.082476,1786456717.082508,TUN,34.7376,10.7618,30000,11.4,-60.5,16.1,15.6,4820,A,Ascent,False,-0.4652097434654694,0.9304194869309388
2026-08-11T14:58:38.128503,1786456718.128535,TUN,34.7376,10.7618,30000,11.5,-60.2,21.3,15.9,4879,A,Ascent,False,-0.43723669144306476,0.8744733828861295
2026-08-11T14:58:39.169434,1786456719.169467,TUN,34.7376,10.7618,30000,10.5,-60.2,16.1,16.3,4821,A,Ascent,False,-0.4409375769638109,0.8818751539276218
2026-08-11T14:58:40.210828,1786456720.2108605,TUN,34.7376,10.7618,30000,11.8,-59.6,13.9,15.9,4814,A,Ascent,False,-0.45321160047436465,0.9064232009487293
2026-08-11T14:58:41.257386,1786456721.2574182,TUN,34.7376,10.7618,30000,11.8,-60.4,18.2,15.8,4848,A,Ascent,False,-0.46265169421697483,0.9253033884339497
2026-08-11T14:58:42.298591,1786456722.2986226,TUN,34.7376,10.7618,30000,10.6,-59.6,24.9,16.0,4913,A,Ascent,False,-0.4641629946514268,0.9283259893028536
2026-08-11T14:58:43.339498,1786456723.3395295,TUN,34.7376,10.7618,30000,11.4,-60.0,22.5,15.7,4890,A,Ascent,False,-0.4491337365700582,0.8982674731401163
2026-08-11T14:58:44.380546,1786456724.380578,TUN,34.7376,10.7618,30000,10.9,-60.2,21.2,16.1,4874,A,Ascent,False,-0.4543105802952859,0.9086211605905719
2026-08-11T14:58:45.421032,1786456725.421083,TUN,34.7376,10.7618,30000,11.7,-59.8,22.6,16.1,4900,A,Ascent,False,-0.4582518653330783,0.9165037306661566
2026-08-11T14:58:46.462609,1786456726.4626417,TUN,34.7376,10.7618,30000,12.3,-60.1,10.2,16.0,4778,A,Ascent,False,-0.445794160569944,0.891588321139888
2026-08-11T14:58:47.504402,1786456727.504434,TUN,34.7376,10.7618,30000,12.1,-59.9,15.6,15.9,4831,A,Ascent,False,-0.448144568672294,0.896289137344588
2026-08-11T14:58:48.545433,1786456728.5454652,TUN,34.7376,10.7618,30000,11.4,-60.0,27.7,16.0,4945,A,Ascent,False,-0.47507001770620255,0.9501400354124051
2026-08-11T14:58:49.586884,1786456729.5869157,TUN,34.7376,10.7618,30000,10.6,-59.8,9.4,16.1,4757,A,Ascent,False,-0.48533424547734333,0.9706684909546867
2026-08-11T14:58:50.627509,1786456730.6275415,TUN,34.7376,10.7618,30000,12.0,-60.2,27.9,16.3,4954,A,Ascent,False,-0.4783511850845451,0.9567023701690902
2026-08-11T14:58:51.669409,1786456731.6694398,TUN,34.7376,10.7618,30000,10.9,-59.6,6.2,15.9,4728,A,Ascent,False,-0.48413259163119615,0.9682651832623923
2026-08-11T14:58:52.710589,1786456732.7106209,TUN,34.7376,10.7618,30000,12.1,-60.2,26.3,15.5,4931,A,Ascent,False,-0.4923394545429586,0.9846789090859172
2026-08-11T14:58:53.752549,1786456733.7525818,TUN,34.7376,10.7618,30000,10.9,-60.2,23.0,16.4,4895,A,Ascent,False,-0.4900382436197902,0.9800764872395804
2026-08-11T14:58:54.793598,1786456734.7936294,TUN,34.7376,10.7618,30000,11.4,-60.1,6.7,15.8,4732,A,Ascent,False,-0.47424852807190365,0.9484970561438073
2026-08-11T14:58:55.836726,1786456735.8367577,TUN,34.7376,10.7618,30000,11.9,-60.3,16.7,15.7,4834,A,Ascent,False,-0.44892266453870056,0.8978453290774011
2026-08-11T14:58:56.879554,1786456736.8795855,TUN,34.7376,10.7618,30000,10.9,-59.9,6.2,16.0,4726,A,Ascent,False,-0.466023069228793,0.932046138457586
2026-08-11T14:58:57.921573,1786456737.9216063,TUN,34.7376,10.7618,30000,10.5,-59.9,19.8,16.3,4861,A,Ascent,False,-0.45789948658601454,0.9157989731720291
2026-08-11T14:58:58.961411,1786456738.961433,TUN,34.7376,10.7618,30000,10.4,-59.6,26.5,16.3,4930,A,Ascent,False,-0.45127304607710045,0.9025460921542009
2026-08-11T14:58:59.984461,1786456739.984486,TUN,34.7376,10.7618,30000,10.4,-60.0,31.4,15.5,4967,A,Ascent,False,-0.492887374116298,0.985774748232596
2026-08-11T14:59:01.017493,1786456741.0175254,TUN,34.7376,10.7618,30000,11.0,-60.4,12.8,15.9,4787,A,Ascent,False,-0.4693424955929258,0.9386849911858516
2026-08-11T14:59:02.059498,1786456742.0595284,TUN,34.7376,10.7618,30000,11.2,-59.7,12.4,16.0,4793,A,Ascent,False,-0.44408940898564747,0.8881788179712949
2026-08-11T14:59:03.100402,1786456743.1004362,TUN,34.7376,10.7618,29550,11.6,-59.5,18.4,15.9,4408,D,Descent,False,-0.48908788061828834,0.9781757612365767
2026-08-11T14:59:04.140960,1786456744.140992,TUN,34.7377,10.7617,29100,13.6,-60.0,6.3,16.1,3854,D,Descent,False,-0.4972680803099359,0.9945361606198718
2026-08-11T14:59:05.182560,1786456745.182593,TUN,34.7377,10.7617,28650,14.0,-60.3,13.0,16.7,3478,D,Descent,False,-0.50502149010313,1.0
2026-08-11T14:59:06.222693,1786456746.2227263,TUN,34.7377,10.7617,28200,15.2,-59.9,26.3,16.9,3179,D,Descent,False,-0.5031113526332506,1.0
2026-08-11T14:59:07.263595,1786456747.2636275,TUN,34.7377,10.7616,27750,15.7,-59.6,5.2,16.8,2524,D,Descent,False,-0.49955944231622684,0.9991188846324537
2026-08-11T14:59:08.306647,1786456748.3066666,TUN,34.7378,10.7616,27300,16.5,-60.1,18.7,16.6,2211,D,Descent,False,-0.4839370964123053,0.9678741928246106
2026-08-11T14:59:09.328488,1786456749.3285208,TUN,34.7378,10.7616,26850,19.3,-60.3,15.7,16.8,1759,D,Descent,False,-0.48302801246564003,0.9660560249312801
2026-08-11T14:59:10.369963,1786456750.3699954,TUN,34.7378,10.7615,26400,19.0,-59.8,25.8,17.1,1414,D,Descent,False,-0.4778227001949598,0.9556454003899196
2026-08-11T14:59:11.411584,1786456751.411615,TUN,34.7379,10.7615,25950,21.7,-60.1,9.7,17.0,827,D,Descent,False,-0.4751856643535635,0.950371328707127
2026-08-11T14:59:12.453379,1786456752.453432,TUN,34.7379,10.7615,25500,23.3,-59.9,21.0,17.7,515,D,Descent,False,-0.4846139267093311,0.9692278534186622
2026-08-11T14:59:13.494423,1786456753.494447,TUN,34.7379,10.7614,25050,25.5,-60.2,14.5,17.2,13,D,Descent,False,-0.45914736941518675,0.9182947388303735
2026-08-11T14:59:14.523473,1786456754.5235035,TUN,34.7379,10.7614,24600,25.9,-60.0,16.0,17.7,9589,D,Descent,False,-0.4541457944459648,0.9082915888919296
2026-08-11T14:59:15.570277,1786456755.5703094,TUN,34.738,10.7614,24150,28.3,-60.1,19.0,17.3,9189,D,Descent,False,-0.4676988883547733,0.9353977767095466
2026-08-11T14:59:16.613536,1786456756.613577,TUN,34.738,10.7613,23700,30.0,-60.3,25.8,17.9,8827,D,Descent,False,-0.47775781743325907,0.9555156348665181
2026-08-11T14:59:17.662462,1786456757.6624932,TUN,34.738,10.7613,23250,33.0,-60.2,18.1,17.9,8331,D,Descent,False,-0.46123887621324233,0.9224777524264847
2026-08-11T14:59:18.704209,1786456758.704268,TUN,34.7381,10.7613,22800,36.0,-59.6,29.1,18.6,8035,D,Descent,False,-0.5144217419000816,1.0
2026-08-11T14:59:19.746489,1786456759.7465227,TUN,34.7381,10.7612,22350,38.3,-60.1,23.2,18.7,7544,D,Descent,False,-0.49055704360273694,0.9811140872054739
2026-08-11T14:59:20.788571,1786456760.7886024,TUN,34.7381,10.7612,21900,41.4,-59.5,12.8,18.9,7029,D,Descent,False,-0.4773594378414556,0.9547188756829112
2026-08-11T14:59:21.832504,1786456761.8325355,TUN,34.7381,10.7612,21450,44.5,-60.0,18.3,19.0,6661,D,Descent,False,-0.45451543346257106,0.9090308669251421
2026-08-11T14:59:22.877501,1786456762.8775332,TUN,34.7382,10.7611,21000,46.0,-60.5,6.4,19.0,6102,D,Descent,False,-0.4813410782029663,0.9626821564059326
2026-08-11T14:59:23.918584,1786456763.9186158,TUN,34.7382,10.7611,20550,49.9,-60.2,14.4,18.8,5772,D,Descent,False,-0.47944549855059476,0.9588909971011895
2026-08-11T14:59:24.964838,1786456764.96487,TUN,34.7382,10.7611,20100,53.8,-60.5,23.6,19.2,5454,D,Descent,False,-0.48378837380406464,0.9675767476081293
2026-08-11T14:59:26.006553,1786456766.0065856,TUN,34.7383,10.761,19650,57.4,-60.1,25.7,19.3,5066,D,Descent,False,-0.46283639231373086,0.9256727846274617
2026-08-11T14:59:27.048299,1786456767.0483325,TUN,34.7383,10.761,19200,62.5,-59.5,16.2,18.8,4573,D,Descent,False,-0.47567912124170736,0.9513582424834147
2026-08-11T14:59:28.324548,1786456768.3245785,TUN,34.7383,10.7609,18750,67.5,-59.9,22.6,19.5,4239,D,Descent,False,-0.46795628010349005,0.9359125602069801
2026-08-11T14:59:29.367558,1786456769.36759,TUN,34.7383,10.7609,18300,70.7,-59.8,14.1,19.6,3738,D,Descent,False,-0.4542658483848102,0.9085316967696204
2026-08-11T14:59:30.408433,1786456770.4084587,TUN,34.7384,10.7609,17850,77.1,-59.9,12.5,19.9,3339,D,Descent,False,-0.45012625195458533,0.9002525039091707
2026-08-11T14:59:31.433313,1786456771.4333446,TUN,34.7384,10.7608,17400,82.8,-60.2,8.7,20.0,2905,D,Descent,False,-0.4605121764778318,0.9210243529556636
2026-08-11T14:59:32.474881,1786456772.4749026,TUN,34.7384,10.7608,16950,88.8,-59.7,27.6,20.3,2712,D,Descent,False,-0.48830573320429,0.97661146640858
2026-08-11T14:59:33.513900,1786456773.5139325,TUN,34.7385,10.7608,16500,94.9,-59.9,17.9,19.9,2221,D,Descent,False,-0.46420815350209377,0.9284163070041875
2026-08-11T14:59:34.554560,1786456774.5545924,TUN,34.7385,10.7607,16050,101.2,-60.4,5.9,19.8,1707,D,Descent,False,-0.4872595321531103,0.9745190643062206
2026-08-11T14:59:35.598396,1786456775.5984159,TUN,34.7385,10.7607,15600,110.0,-60.4,6.9,20.3,1360,D,Descent,False,-0.4891679051231763,0.9783358102463526
2026-08-11T14:59:36.622480,1786456776.6225116,TUN,34.7385,10.7607,15150,118.6,-60.1,10.2,20.7,1036,D,Descent,False,-0.48234531887625764,0.9646906377525153
2026-08-11T14:59:37.663039,1786456777.6630714,TUN,34.7386,10.7606,14700,126.4,-60.0,20.3,20.8,767,D,Descent,False,-0.47909178617109177,0.9581835723421835
2026-08-11T14:59:38.703510,1786456778.7035437,TUN,34.7386,10.7606,14250,134.7,-59.8,25.7,20.8,456,D,Descent,False,-0.4776976909936565,0.955395381987313
2026-08-11T14:59:39.743506,1786456779.743527,TUN,34.7386,10.7606,13800,145.3,-59.7,16.7,20.4,19,D,Descent,False,-0.47792870898158557,0.9558574179631711
2026-08-11T14:59:40.766475,1786456780.7665079,TUN,34.7387,10.7605,13350,156.9,-59.6,23.5,20.5,9755,D,Descent,False,-0.48891649161753203,0.9778329832350641
2026-08-11T14:59:41.811472,1786456781.8115036,TUN,34.7387,10.7605,12900,168.0,-58.8,22.7,21.1,9422,D,Descent,False,-0.5077406440242742,1.0
2026-08-11T14:59:42.852495,1786456782.852527,TUN,34.7387,10.7605,12450,181.0,-56.3,9.7,21.7,9003,D,Descent,False,-0.5393051800945089,1.0
2026-08-11T14:59:43.892530,1786456783.892562,TUN,34.7387,10.7604,12000,192.3,-53.3,27.7,21.4,8872,D,Descent,False,-0.568201332585441,1.0
2026-08-11T14:59:44.933494,1786456784.9335244,TUN,34.7388,10.7604,11550,207.2,-50.6,23.3,21.9,8560,D,Descent,False,-0.5479108151127108,1.0
2026-08-11T14:59:45.973585,1786456785.9736156,TUN,34.7388,10.7604,11100,222.2,-47.1,14.5,21.6,8204,D,Descent,False,-0.5422939315080493,1.0
2026-08-11T14:59:47.016126,1786456787.0161574,TUN,34.7388,10.7603,10650,238.3,-43.9,26.8,22.2,8075,D,Descent,False,-0.5528313848480961,1.0
2026-08-11T14:59:48.056525,1786456788.0565636,TUN,34.7389,10.7603,10200,257.1,-41.7,28.4,21.6,7846,D,Descent,False,-0.5432612285866508,1.0
2026-08-11T14:59:49.097062,1786456789.0971034,TUN,34.7389,10.7603,9750,275.2,-38.1,14.2,22.2,7477,D,Descent,False,-0.5374009384563398,1.0
2026-08-11T14:59:50.137467,1786456790.1374876,TUN,34.7389,10.7602,9300,293.3,-35.2,12.0,22.2,7214,D,Descent,False,-0.5268760369640745,1.0
2026-08-11T14:59:51.181614,1786456791.1816506,TUN,34.7389,10.7602,8850,314.1,-32.8,18.2,22.8,7064,D,Descent,False,-0.5323623600460743,1.0
2026-08-11T14:59:52.221943,1786456792.2219956,TUN,34.739,10.7601,8400,335.8,-29.2,20.8,22.5,6890,D,Descent,False,-0.5464762274074823,1.0
2026-08-11T14:59:53.264168,1786456793.2641997,TUN,34.739,10.7601,7950,359.4,-27.0,21.8,23.0,6713,D,Descent,False,-0.5422673869882646,1.0
2026-08-11T14:59:54.307585,1786456794.3076165,TUN,34.739,10.7601,7500,383.0,-23.8,5.3,22.5,6361,D,Descent,False,-0.5581639867454539,1.0
2026-08-11T14:59:55.348501,1786456795.3485324,TUN,34.7391,10.76,7050,408.2,-20.4,26.4,23.3,6416,D,Descent,False,-0.5878888815698466,1.0
2026-08-11T14:59:56.390522,1786456796.3905532,TUN,34.7391,10.76,6600,434.3,-18.1,17.3,23.4,6160,D,Descent,False,-0.5500702105202119,1.0
2026-08-11T14:59:57.431554,1786456797.4315867,TUN,34.7391,10.76,6150,461.4,-15.1,16.9,22.7,6000,D,Descent,False,-0.5728618072326348,1.0
2026-08-11T14:59:58.472484,1786456798.4725153,TUN,34.7391,10.7599,5700,491.0,-12.2,19.4,23.6,5908,D,Descent,False,-0.5739677867908752,1.0
2026-08-11T14:59:59.524222,1786456799.5242703,TUN,34.7392,10.7599,5250,523.2,-8.7,23.4,23.0,5850,D,Descent,False,-0.5821416314626446,1.0
2026-08-11T15:00:00.565680,1786456800.5657396,TUN,34.7392,10.7599,4800,554.7,-6.2,50.8,23.3,6017,D,Descent,False,-0.5992461284513138,1.0
2026-08-11T15:00:01.609980,1786456801.6100125,TUN,34.7392,10.7598,4350,587.9,-2.9,51.3,24.1,5944,D,Descent,False,-0.6282812822193854,1.0
2026-08-11T15:00:02.650506,1786456802.6505377,TUN,34.7393,10.7598,3900,624.9,0.0,29.2,24.3,5675,D,Descent,False,-0.6060136681580142,1.0
2026-08-11T15:00:03.691531,1786456803.691581,TUN,34.7393,10.7598,3450,661.2,2.8,50.1,23.6,5818,D,Descent,False,-0.6366087554384935,1.0
2026-08-11T15:00:04.734756,1786456804.734789,TUN,34.7393,10.7597,3000,701.4,5.9,25.4,24.1,5558,D,Descent,False,-0.6002146941145844,1.0
2026-08-11T15:00:05.775739,1786456805.7757711,TUN,34.7393,10.7597,2550,741.5,8.4,27.3,24.2,5554,D,Descent,False,-0.584068107751627,1.0
2026-08-11T15:00:06.817148,1786456806.8171792,TUN,34.7394,10.7597,2100,784.5,11.6,29.8,24.3,5593,D,Descent,False,-0.5762354516158033,1.0
2026-08-11T15:00:07.857517,1786456807.857559,TUN,34.7394,10.7596,1650,829.5,14.3,47.6,24.6,5800,D,Descent,False,-0.6042365042178984,1.0
2026-08-11T15:00:08.911722,1786456808.911755,TUN,34.7394,10.7596,1200,877.3,17.5,27.6,24.7,5661,D,Descent,False,-0.6015637782115605,1.0
2026-08-11T15:00:09.954218,1786456809.954278,TUN,34.7395,10.7596,750,926.6,20.0,47.0,24.7,5924,D,Descent,True,-0.6391577019628155,1.0
2026-08-11T15:00:11.237576,1786456811.237609,TUN,34.7395,10.7595,300,978.2,22.7,69.2,25.2,6243,D,Descent,True,-0.6892788376076118,1.0
2026-08-11T15:00:12.522498,1786456812.5225313,TUN,34.7395,10.7595,0,1013.7,25.4,80.5,24.7,6433,L,Landing,True,-0.6746524856228019,1.0
2026-08-11T15:00:13.809528,1786456813.8095598,TUN,34.7395,10.7595,0,1012.5,24.6,65.2,25.0,6263,L,Landing,False,-0.6277924439620033,1.0
2026-08-11T15:00:14.866471,1786456814.8665082,TUN,34.7395,10.7595,0,1013.0,25.5,58.8,24.9,6212,L,Landing,False,-0.5886527407481147,1.0
2026-08-11T15:00:15.905843,1786456815.9058757,TUN,34.7395,10.7595,0,1012.5,24.9,69.1,25.3,6308,L,Landing,False,-0.5815929552081006,1.0
2026-08-11T15:00:16.946478,1786456816.9465108,TUN,34.7395,10.7595,0,1013.1,25.2,63.8,25.0,6261,L,Landing,False,-0.5814538611080757,1.0
2026-08-11T15:00:17.987210,1786456817.9872677,TUN,34.7395,10.7595,0,1012.4,24.7,71.5,25.0,6326,L,Landing,False,-0.5906004558717131,1.0
2026-08-11T15:00:19.028896,1786456819.0289288,TUN,34.7395,10.7595,0,1013.8,24.7,61.3,24.6,6234,L,Landing,False,-0.5910525022990314,1.0
2026-08-11T15:00:20.070278,1786456820.0703099,TUN,34.7395,10.7595,0,1012.7,24.8,45.2,24.9,6066,L,Landing,False,-0.5664398619150983,1.0
2026-08-11T15:00:21.314777,1786456821.314792,TUN,34.74,10.76,0,1012.3,25.3,64.2,24.9,6267,L,Landing,False,-0.5977845198647557,1.0
2026-08-11T15:00:22.355989,1786456822.3560226,TUN,34.74,10.76,150,994.6,24.1,45.7,25.1,6045,A,Ascent,False,-0.577662750525645,1.0
2026-08-11T15:00:23.396803,1786456823.396836,TUN,34.74,10.76,300,976.8,23.2,56.6,24.9,6115,A,Ascent,False,-0.5539320789893446,1.0
2026-08-11T15:00:24.437533,1786456824.4375658,TUN,34.74,10.76,450,959.6,21.8,44.6,24.5,5955,A,Ascent,False,-0.5393996835509121,1.0
2026-08-11T15:00:25.478410,1786456825.4784307,TUN,34.74,10.76,600,942.8,21.2,76.8,24.7,6255,A,Ascent,False,-0.5935387253780895,1.0
2026-08-11T15:00:26.500547,1786456826.5005856,TUN,34.74,10.7601,750,925.5,20.2,41.1,24.7,5866,A,Ascent,False,-0.5540146572730628,1.0
2026-08-11T15:00:27.542802,1786456827.5428352,TUN,34.7399,10.7601,900,910.3,19.3,58.3,24.6,6025,A,Ascent,False,-0.5696934606488612,1.0
2026-08-11T15:00:28.585494,1786456828.5855267,TUN,34.7399,10.7601,1050,892.7,18.5,24.4,24.7,5653,A,Ascent,False,-0.5898324691839223,1.0
2026-08-11T15:00:29.626820,1786456829.6268523,TUN,34.7399,10.7601,1200,877.0,17.7,34.0,25.1,5738,A,Ascent,False,-0.5478053278355329,1.0
2026-08-11T15:00:30.667484,1786456830.6675107,TUN,34.7399,10.7601,1350,860.7,15.9,22.0,24.3,5579,A,Ascent,False,-0.5616854137542542,1.0
2026-08-11T15:00:31.708582,1786456831.7086136,TUN,34.7399,10.7601,1500,845.5,15.7,39.5,24.9,5756,A,Ascent,False,-0.5434086100095986,1.0
2026-08-11T15:00:32.750113,1786456832.750145,TUN,34.7399,10.7601,1650,829.3,13.9,32.6,24.3,5651,A,Ascent,False,-0.5261288220173773,1.0
2026-08-11T15:00:33.790547,1786456833.79058,TUN,34.7399,10.7601,1800,814.5,13.4,42.7,24.5,5751,A,Ascent,False,-0.5130962111276719,1.0
2026-08-11T15:00:34.832118,1786456834.8321495,TUN,34.7399,10.7602,1950,800.8,12.4,34.9,24.9,5681,A,Ascent,False,-0.4937323177086685,0.987464635417337
2026-08-11T15:00:35.873466,1786456835.8734913,TUN,34.7399,10.7602,2100,786.1,10.9,44.4,24.4,5759,A,Ascent,False,-0.5292298336095409,1.0
2026-08-11T15:00:36.899562,1786456836.8995898,TUN,34.7399,10.7602,2250,770.3,9.9,40.8,24.2,5703,A,Ascent,False,-0.5049456221773622,1.0
2026-08-11T15:00:37.923452,1786456837.923475,TUN,34.7398,10.7602,2400,755.4,9.2,34.1,24.5,5632,A,Ascent,False,-0.5060750576599967,1.0
2026-08-11T15:00:38.950621,1786456838.9506543,TUN,34.7398,10.7602,2550,742.8,8.7,40.6,24.4,5715,A,Ascent,False,-0.5021582395399363,1.0
2026-08-11T15:00:39.994406,1786456839.994426,TUN,34.7398,10.7602,2700,728.3,7.1,41.7,24.0,5711,A,Ascent,False,-0.5069131709972436,1.0
2026-08-11T15:00:41.015587,1786456841.015619,TUN,34.7398,10.7602,2850,715.3,6.7,43.3,23.8,5741,A,Ascent,False,-0.49555789737523137,0.9911157947504627
2026-08-11T15:00:42.062496,1786456842.0625284,TUN,34.7398,10.7602,3000,700.6,5.3,37.3,24.4,5676,A,Ascent,False,-0.5078463722933105,1.0
2026-08-11T15:00:43.102538,1786456843.1025705,TUN,34.7398,10.7602,3150,688.6,4.5,22.8,24.2,5551,A,Ascent,False,-0.4791181650728633,0.9582363301457266
2026-08-11T15:00:44.145525,1786456844.1455586,TUN,34.7398,10.7603,3300,675.2,3.3,21.7,24.1,5544,A,Ascent,False,-0.4755780964920595,0.951156192984119
2026-08-11T15:00:45.188514,1786456845.1885455,TUN,34.7398,10.7603,3450,661.1,2.7,41.7,24.3,5749,A,Ascent,False,-0.4987370625913595,0.997474125182719
2026-08-11T15:00:46.231829,1786456846.2318616,TUN,34.7398,10.7603,3600,649.7,2.1,26.1,24.3,5623,A,Ascent,False,-0.4969277167500892,0.9938554335001784
2026-08-11T15:00:47.273521,1786456847.2735732,TUN,34.7398,10.7603,3750,636.3,0.5,25.7,24.3,5619,A,Ascent,False,-0.5139737824542019,1.0
2026-08-11T15:00:48.315473,1786456848.315495,TUN,34.7398,10.7603,3900,623.6,-0.4,47.6,23.5,5844,A,Ascent,False,-0.5148716154831925,1.0
2026-08-11T15:00:49.338572,1786456849.338604,TUN,34.7397,10.7603,4050,613.1,-0.9,38.4,23.9,5795,A,Ascent,False,-0.4829366752311771,0.9658733504623542
2026-08-11T15:00:50.380605,1786456850.3806376,TUN,34.7397,10.7603,4200,599.5,-1.9,23.4,23.3,5643,A,Ascent,False,-0.5030041874806088,1.0
2026-08-11T15:00:51.421564,1786456851.421598,TUN,34.7397,10.7603,4350,588.4,-3.2,38.1,24.1,5824,A,Ascent,False,-0.5163486991579823,1.0
2026-08-11T15:00:52.467459,1786456852.4674864,TUN,34.7397,10.7603,4500,576.5,-4.1,42.2,24.0,5886,A,Ascent,False,-0.4707889563499905,0.941577912699981
2026-08-11T15:00:53.502470,1786456853.5025027,TUN,34.7397,10.7604,4650,566.3,-5.3,38.6,24.0,5887,A,Ascent,False,-0.4918358693351347,0.9836717386702694
2026-08-11T15:00:54.545469,1786456854.5455308,TUN,34.7397,10.7604,4800,554.7,-6.5,41.3,23.8,5934,A,Ascent,False,-0.49351063958097185,0.9870212791619437
2026-08-11T15:00:55.593481,1786456855.5935135,TUN,34.7397,10.7604,4950,543.9,-6.8,38.7,23.4,5943,A,Ascent,False,-0.5080439741806883,1.0
2026-08-11T15:00:56.638579,1786456856.6386101,TUN,34.7397,10.7604,5100,533.2,-8.5,9.9,23.0,5677,A,Ascent,False,-0.5295299992020497,1.0
2026-08-11T15:00:57.684454,1786456857.6844735,TUN,34.7397,10.7604,5250,523.3,-8.8,27.9,23.6,5911,A,Ascent,False,-0.4976777845239013,0.9953555690478026
2026-08-11T15:00:58.713513,1786456858.7135444,TUN,34.7397,10.7604,5400,512.1,-10.1,5.4,23.0,5705,A,Ascent,False,-0.5267404692613161,1.0
2026-08-11T15:00:59.744414,1786456859.7444334,TUN,34.7396,10.7604,5550,501.1,-11.1,24.1,23.8,5929,A,Ascent,False,-0.5116196028268918,1.0
2026-08-11T15:01:00.765483,1786456860.765587,TUN,34.7396,10.7604,5700,490.6,-12.4,15.1,22.9,5862,A,Ascent,False,-0.4897804803757248,0.9795609607514496
2026-08-11T15:01:01.817471,1786456861.8175037,TUN,34.7396,10.7605,5850,481.9,-13.4,10.1,23.6,5873,A,Ascent,False,-0.4922588186761249,0.9845176373522498
2026-08-11T15:01:02.863537,1786456862.8635802,TUN,34.7396,10.7605,6000,471.6,-14.1,12.1,23.1,5928,A,Ascent,False,-0.47544420760222256,0.9508884152044451
2026-08-11T15:01:03.927491,1786456863.9275234,TUN,34.7396,10.7605,6150,462.8,-15.4,7.3,23.5,5933,A,Ascent,False,-0.47935934007312747,0.9587186801462549
2026-08-11T15:01:04.968061,1786456864.968093,TUN,34.7396,10.7605,6300,452.0,-16.3,25.1,23.3,6142,A,Ascent,False,-0.4596810396386114,0.9193620792772228
2026-08-11T15:01:06.013552,1786456866.0135841,TUN,34.7396,10.7605,6450,443.2,-17.1,11.8,23.5,6065,A,Ascent,False,-0.46602234442900625,0.9320446888580125
2026-08-11T15:01:07.056578,1786456867.0566115,TUN,34.7396,10.7605,6600,433.3,-17.8,16.4,23.1,6151,A,Ascent,False,-0.4557925099655738,0.9115850199311476
2026-08-11T15:01:08.098495,1786456868.0985274,TUN,34.7396,10.7605,6750,425.0,-18.8,23.8,23.1,6282,A,Ascent,False,-0.44159945132881706,0.8831989026576341
2026-08-11T15:01:09.145484,1786456869.145516,TUN,34.7396,10.7605,6900,417.3,-19.4,17.4,23.1,6285,A,Ascent,False,-0.449391511985054,0.898783023970108
2026-08-11T15:01:10.190503,1786456870.190554,TUN,34.7396,10.7605,7050,407.9,-20.7,20.0,23.2,6355,A,Ascent,False,-0.4513208902631331,0.9026417805262662
2026-08-11T15:01:11.233707,1786456871.2337387,TUN,34.7395,10.7606,7200,399.6,-21.7,15.7,22.4,6361,A,Ascent,False,-0.46321630128025565,0.9264326025605113
2026-08-11T15:01:12.274567,1786456872.2746108,TUN,34.7395,10.7606,7350,391.6,-23.2,12.8,22.7,6390,A,Ascent,False,-0.46767476296987714,0.9353495259397543
2026-08-11T15:01:13.550480,1786456873.5505114,TUN,34.7395,10.7606,7500,383.5,-23.3,26.8,22.7,6598,A,Ascent,False,-0.45801925274579053,0.9160385054915811
2026-08-11T15:01:14.595368,1786456874.5954008,TUN,34.7395,10.7606,7650,374.2,-24.4,24.2,22.7,6618,A,Ascent,False,-0.4327344930456101,0.8654689860912202
2026-08-11T15:01:15.636305,1786456875.6363351,TUN,34.7395,10.7606,7800,366.5,-25.9,15.6,22.9,6592,A,Ascent,False,-0.4540780086299091,0.9081560172598182
2026-08-11T15:01:16.679410,1786456876.6794312,TUN,34.7395,10.7606,7950,358.5,-26.4,6.1,22.7,6560,A,Ascent,False,-0.4759713620155388,0.9519427240310776
2026-08-11T15:01:17.703526,1786456877.703558,TUN,34.7395,10.7606,8100,350.5,-27.6,13.3,22.6,6689,A,Ascent,False,-0.4626437526165446,0.9252875052330892
2026-08-11T15:01:18.743471,1786456878.743495,TUN,34.7395,10.7606,8250,343.3,-28.8,23.9,22.8,6863,A,Ascent,False,-0.46063069169522514,0.9212613833904503
2026-08-11T15:01:19.767425,1786456879.7674487,TUN,34.7395,10.7606,8400,335.3,-30.0,12.5,22.8,6807,A,Ascent,False,-0.4675651690756619,0.9351303381513238
2026-08-11T15:01:20.788476,1786456880.7884986,TUN,34.7395,10.7607,8550,329.1,-30.7,7.6,22.0,6832,A,Ascent,False,-0.4622086955519451,0.9244173911038902
2026-08-11T15:01:21.809543,1786456881.809565,TUN,34.7394,10.7607,8700,321.7,-31.3,16.8,22.6,6999,A,Ascent,False,-0.45262957752221294,0.9052591550444259
2026-08-11T15:01:22.850921,1786456882.8509526,TUN,34.7394,10.7607,8850,313.5,-32.8,9.8,22.1,6977,A,Ascent,False,-0.4716721491373523,0.9433442982747046
2026-08-11T15:01:23.891585,1786456883.8916168,TUN,34.7394,10.7607,9000,307.0,-33.2,5.9,22.7,7025,A,Ascent,False,-0.47354693697467704,0.9470938739493541
2026-08-11T15:01:24.936926,1786456884.9369576,TUN,34.7394,10.7607,9150,301.2,-34.4,12.8,22.2,7169,A,Ascent,False,-0.46185906692559303,0.9237181338511861
2026-08-11T15:01:25.978484,1786456885.9785159,TUN,34.7394,10.7607,9300,294.5,-35.5,18.4,22.6,7301,A,Ascent,False,-0.4452878337445007,0.8905756674890014
2026-08-11T15:01:27.024275,1786456887.0243015,TUN,34.7394,10.7607,9450,288.2,-36.8,19.4,22.7,7386,A,Ascent,False,-0.440532776535252,0.881065553070504
2026-08-11T15:01:28.050510,1786456888.0505419,TUN,34.7394,10.7607,9600,281.6,-37.8,10.1,21.8,7358,A,Ascent,False,-0.47516185239408243,0.9503237047881649
2026-08-11T15:01:29.092684,1786456889.092716,TUN,34.7394,10.7608,9750,274.8,-38.3,9.8,22.4,7439,A,Ascent,False,-0.452698073417952,0.905396146835904
2026-08-11T15:01:30.133210,1786456890.1332698,TUN,34.7394,10.7608,9900,267.5,-39.8,10.9,22.0,7508,A,Ascent,False,-0.46659614964298013,0.9331922992859603
2026-08-11T15:01:31.173321,1786456891.1733544,TUN,34.7394,10.7608,10050,261.4,-40.1,10.3,21.8,7586,A,Ascent,False,-0.4614179416244843,0.9228358832489686
2026-08-11T15:01:32.213585,1786456892.213617,TUN,34.7394,10.7608,10200,255.8,-41.1,11.5,21.9,7683,A,Ascent,False,-0.45742785364624733,0.9148557072924947
2026-08-11T15:01:33.255442,1786456893.255475,TUN,34.7393,10.7608,10350,249.9,-42.0,9.3,21.5,7738,A,Ascent,False,-0.46377890040588626,0.9275578008117725
2026-08-11T15:01:34.295503,1786456894.2955356,TUN,34.7393,10.7608,10500,245.1,-43.0,14.0,22.2,7884,A,Ascent,False,-0.47363361699658174,0.9472672339931635
2026-08-11T15:01:35.336508,1786456895.3365405,TUN,34.7393,10.7608,10650,238.8,-43.9,23.0,22.2,8052,A,Ascent,False,-0.4384941402258027,0.8769882804516054
2026-08-11T15:01:36.381535,1786456896.3815672,TUN,34.7393,10.7608,10800,233.8,-45.3,21.5,21.6,8117,A,Ascent,False,-0.448740545871769,0.897481091743538
2026-08-11T15:01:37.425490,1786456897.425522,TUN,34.7393,10.7608,10950,229.0,-46.4,15.2,21.8,8147,A,Ascent,False,-0.43478617007274456,0.8695723401454891
2026-08-11T15:01:38.476632,1786456898.4766662,TUN,34.7393,10.7609,11100,222.1,-47.6,19.5,21.2,8254,A,Ascent,False,-0.46877783969820697,0.9375556793964139
2026-08-11T15:01:39.522498,1786456899.5225308,TUN,34.7393,10.7609,11250,218.5,-48.6,4.5,21.7,8213,A,Ascent,False,-0.45802042252645625,0.9160408450529125
2026-08-11T15:01:40.567612,1786456900.5676444,TUN,34.7393,10.7609,11400,212.9,-49.0,16.9,21.5,8425,A,Ascent,False,-0.45037174207954794,0.9007434841590959
2026-08-11T15:01:41.611106,1786456901.6111376,TUN,34.7393,10.7609,11550,208.4,-50.2,10.8,21.9,8461,A,Ascent,False,-0.44759493727069544,0.8951898745413909
2026-08-11T15:01:42.654478,1786456902.6544988,TUN,34.7393,10.7609,11700,202.0,-50.9,23.7,21.6,8666,A,Ascent,False,-0.4481324631687068,0.8962649263374136
2026-08-11T15:01:43.678468,1786456903.6784964,TUN,34.7392,10.7609,11850,197.7,-51.5,27.2,21.8,8803,A,Ascent,False,-0.4438319952599029,0.8876639905198058
2026-08-11T15:01:44.736459,1786456904.7364788,TUN,34.7392,10.7609,12000,192.3,-53.0,10.2,21.3,8709,A,Ascent,False,-0.4711891794390949,0.9423783588781898
2026-08-11T15:01:45.758473,1786456905.7584991,TUN,34.7392,10.7609,12150,188.8,-53.5,21.9,21.5,8938,A,Ascent,False,-0.44356714474405384,0.8871342894881077
2026-08-11T15:01:46.781424,1786456906.7814465,TUN,34.7392,10.761,12300,184.0,-54.6,9.2,21.2,8900,A,Ascent,False,-0.4482389399541492,0.8964778799082984
2026-08-11T15:01:47.805415,1786456907.8054395,TUN,34.7392,10.761,12450,179.2,-55.5,19.1,20.9,9089,A,Ascent,False,-0.4392556497616264,0.8785112995232528
2026-08-11T15:01:48.831400,1786456908.8314216,TUN,34.7392,10.761,12600,176.4,-56.7,10.3,21.2,9114,A,Ascent,False,-0.43722139825965967,0.8744427965193193
2026-08-11T15:01:49.857389,1786456909.8574088,TUN,34.7392,10.761,12750,172.1,-57.8,18.7,20.8,9290,A,Ascent,False,-0.42628013587872104,0.8525602717574421
2026-08-11T15:01:50.882477,1786456910.882497,TUN,34.7392,10.761,12900,168.7,-59.0,31.6,21.2,9527,A,Ascent,False,-0.4650348975357249,0.9300697950714498
2026-08-11T15:01:51.905491,1786456911.9055252,TUN,34.7392,10.761,13050,163.0,-60.2,25.2,20.6,9538,A,Ascent,False,-0.4436674906622126,0.8873349813244252
2026-08-11T15:01:52.951489,1786456912.9515104,TUN,34.7392,10.761,13200,159.6,-59.7,6.1,21.3,9475,A,Ascent,False,-0.4683653214463473,0.9367306428926946
2026-08-11T15:01:53.973396,1786456913.9734185,TUN,34.7392,10.761,13350,156.5,-60.3,18.8,21.1,9713,A,Ascent,False,-0.4255531324877138,0.8511062649754276
2026-08-11T15:01:54.997452,1786456914.997472,TUN,34.7391,10.761,13500,151.8,-59.8,26.1,21.0,9892,A,Ascent,False,-0.42753552613476403,0.8550710522695281
2026-08-11T15:01:56.020403,1786456916.0204275,TUN,34.7391,10.7611,13650,149.7,-59.7,15.1,21.4,9917,A,Ascent,False,-0.4064490575277877,0.8128981150555754
2026-08-11T15:01:57.042492,1786456917.0425253,TUN,34.7391,10.7611,13800,145.8,-59.6,15.9,20.5,28,A,Ascent,False,-0.416793664089406,0.833587328178812
2026-08-11T15:01:58.083485,1786456918.0835176,TUN,34.7391,10.7611,13950,141.9,-60.2,21.9,20.7,195,A,Ascent,False,-0.4002184634236836,0.8004369268473672
2026-08-11T15:01:59.125514,1786456919.125547,TUN,34.7391,10.7611,14100,138.3,-59.9,8.7,20.8,181,A,Ascent,False,-0.416003030653241,0.832006061306482
2026-08-11T15:02:00.167764,1786456920.1677825,TUN,34.7391,10.7611,14250,135.1,-59.9,4.1,21.0,255,A,Ascent,False,-0.41588296050854584,0.8317659210170917
2026-08-11T15:02:01.190348,1786456921.1903803,TUN,34.7391,10.7611,14400,131.8,-60.3,17.8,20.9,504,A,Ascent,False,-0.41787699621442137,0.8357539924288427
2026-08-11T15:02:02.230476,1786456922.2304997,TUN,34.7391,10.7611,14550,130.1,-59.9,24.2,20.7,703,A,Ascent,False,-0.42918283892419945,0.8583656778483989
2026-08-11T15:02:03.255477,1786456923.255509,TUN,34.7391,10.7611,14700,126.0,-59.9,13.8,20.4,705,A,Ascent,False,-0.4109285735128656,0.8218571470257312
2026-08-11T15:02:04.301550,1786456924.3015811,TUN,34.7391,10.7611,14850,123.0,-59.5,6.3,20.9,759,A,Ascent,False,-0.4169193648023875,0.833838729604775
2026-08-11T15:02:05.624532,1786456925.6245644,TUN,34.739,10.7612,15000,120.8,-60.4,25.3,20.9,1068,A,Ascent,False,-0.42324727971257087,0.8464945594251417
2026-08-11T15:02:06.667813,1786456926.6678436,TUN,34.739,10.7612,15150,117.2,-59.7,28.2,20.7,1216,A,Ascent,False,-0.41679554348284353,0.8335910869656871
2026-08-11T15:02:07.692294,1786456927.6923258,TUN,34.739,10.7612,15300,114.8,-60.1,12.7,19.9,1175,A,Ascent,False,-0.4339724321613015,0.867944864322603
2026-08-11T15:02:08.733413,1786456928.733433,TUN,34.739,10.7612,15450,111.8,-60.4,7.9,20.6,1251,A,Ascent,False,-0.4291164323393006,0.8582328646786012
2026-08-11T15:02:09.756700,1786456929.7567317,TUN,34.739,10.7612,15600,109.0,-60.0,26.9,20.1,1562,A,Ascent,False,-0.43819254194827495,0.8763850838965499
2026-08-11T15:02:10.799600,1786456930.799632,TUN,34.739,10.7612,15750,107.2,-59.7,21.5,20.4,1646,A,Ascent,False,-0.3953640626596683,0.7907281253193366
2026-08-11T15:02:11.841212,1786456931.841277,TUN,34.739,10.7612,15900,103.7,-59.9,7.9,20.7,1626,A,Ascent,False,-0.4120176445987882,0.8240352891975764
2026-08-11T15:02:12.882526,1786456932.8825636,TUN,34.739,10.7612,16050,102.3,-60.2,17.2,20.6,1851,A,Ascent,False,-0.4037073067854579,0.8074146135709158
2026-08-11T15:02:13.924860,1786456933.9248924,TUN,34.739,10.7613,16200,99.8,-60.4,14.3,20.3,1943,A,Ascent,False,-0.4019876505368408,0.8039753010736816
2026-08-11T15:02:14.965588,1786456934.9656203,TUN,34.739,10.7613,16350,97.1,-59.9,17.5,20.4,2104,A,Ascent,False,-0.40894851038879326,0.8178970207775865
2026-08-11T15:02:16.006483,1786456936.006515,TUN,34.739,10.7613,16500,95.6,-60.0,13.7,20.1,2197,A,Ascent,False,-0.4106062817349849,0.8212125634699698
2026-08-11T15:02:17.048643,1786456937.0486755,TUN,34.7389,10.7613,16650,92.6,-60.3,24.5,19.5,2415,A,Ascent,False,-0.429812571767224,0.859625143534448
2026-08-11T15:02:18.090567,1786456938.0905988,TUN,34.7389,10.7613,16800,90.0,-59.9,19.9,19.7,2499,A,Ascent,False,-0.40983294018144545,0.8196658803628909
2026-08-11T15:02:19.131412,1786456939.131433,TUN,34.7389,10.7613,16950,89.5,-60.1,19.5,20.4,2645,A,Ascent,False,-0.4363787930128923,0.8727575860257846
2026-08-11T15:02:20.153556,1786456940.153597,TUN,34.7389,10.7613,17100,87.2,-59.6,18.6,19.8,2762,A,Ascent,False,-0.4231841343709752,0.8463682687419504
2026-08-11T15:02:21.208298,1786456941.2083302,TUN,34.7389,10.7613,17250,84.1,-60.3,14.4,19.8,2832,A,Ascent,False,-0.40472269459550864,0.8094453891910173
2026-08-11T15:02:22.249565,1786456942.249596,TUN,34.7389,10.7613,17400,83.2,-60.3,30.4,20.1,3136,A,Ascent,False,-0.4179618500860044,0.8359237001720088
2026-08-11T15:02:23.290569,1786456943.290601,TUN,34.7389,10.7614,17550,81.3,-59.6,9.0,19.4,3054,A,Ascent,False,-0.44673057244907977,0.8934611448981595
2026-08-11T15:02:24.320381,1786456944.3204002,TUN,34.7389,10.7614,17700,77.8,-60.4,20.3,19.9,3279,A,Ascent,False,-0.4207039560388669,0.8414079120777338
2026-08-11T15:02:25.344938,1786456945.3449697,TUN,34.7389,10.7614,17850,77.1,-60.4,17.9,19.5,3394,A,Ascent,False,-0.3963998890840524,0.7927997781681048
2026-08-11T15:02:26.387107,1786456946.3871398,TUN,34.7389,10.7614,18000,74.3,-59.7,24.5,19.5,3589,A,Ascent,False,-0.4120915746557187,0.8241831493114374
2026-08-11T15:02:27.428435,1786456947.4284663,TUN,34.7388,10.7614,18150,73.6,-59.8,6.0,19.2,3542,A,Ascent,False,-0.4123145448552996,0.8246290897105992
2026-08-11T15:02:28.468420,1786456948.4684396,TUN,34.7388,10.7614,18300,71.8,-60.0,28.5,19.0,3895,A,Ascent,False,-0.4176390593116371,0.8352781186232742
2026-08-11T15:02:29.491435,1786456949.4914577,TUN,34.7388,10.7614,18450,70.0,-60.4,30.2,19.8,4048,A,Ascent,False,-0.43490432722857386,0.8698086544571477
2026-08-11T15:02:30.535542,1786456950.5355816,TUN,34.7388,10.7614,18600,67.4,-59.6,25.7,19.3,4130,A,Ascent,False,-0.44022293506619803,0.8804458701323961
2026-08-11T15:02:31.590517,1786456951.5905392,TUN,34.7388,10.7614,18750,67.2,-60.0,25.4,19.0,4268,A,Ascent,False,-0.41894429374437775,0.8378885874887555
2026-08-11T15:02:32.612602,1786456952.6126347,TUN,34.7388,10.7615,18900,65.0,-60.5,19.7,19.7,4342,A,Ascent,False,-0.42670098302322745,0.8534019660464549
2026-08-11T15:02:33.660457,1786456953.6604834,TUN,34.7388,10.7615,19050,64.4,-59.8,28.9,19.6,4584,A,Ascent,False,-0.42280324778586587,0.8456064955717317
2026-08-11T15:02:34.686569,1786456954.6866007,TUN,34.7388,10.7615,19200,62.3,-59.7,8.5,19.4,4508,A,Ascent,False,-0.40385873786023685,0.8077174757204737
2026-08-11T15:02:35.729436,1786456955.729465,TUN,34.7388,10.7615,19350,61.4,-60.0,17.9,19.5,4741,A,Ascent,False,-0.39059026929623875,0.7811805385924775
2026-08-11T15:02:36.755378,1786456956.7553978,TUN,34.7388,10.7615,19500,59.0,-60.1,15.1,19.0,4833,A,Ascent,False,-0.3928122951897561,0.7856245903795122
2026-08-11T15:02:37.778561,1786456957.7786036,TUN,34.7388,10.7615,19650,57.4,-60.3,26.6,19.3,5083,A,Ascent,False,-0.4010497184306469,0.8020994368612938
2026-08-11T15:02:38.828444,1786456958.8284674,TUN,34.7387,10.7615,19800,56.6,-60.0,16.7,19.2,5127,A,Ascent,False,-0.3944644708958697,0.7889289417917394
2026-08-11T15:02:39.855539,1786456959.8555672,TUN,34.7387,10.7615,19950,54.4,-60.2,11.4,18.8,5196,A,Ascent,False,-0.40586157642958487,0.8117231528591697
2026-08-11T15:02:40.902442,1786456960.902472,TUN,34.7387,10.7616,20100,54.6,-60.4,16.1,18.6,5392,A,Ascent,False,-0.40317634471150915,0.8063526894230183
2026-08-11T15:02:41.944574,1786456961.9446054,TUN,34.7387,10.7616,20250,52.4,-59.8,26.2,19.3,5634,A,Ascent,False,-0.4290631945786429,0.8581263891572858
2026-08-11T15:02:42.987563,1786456962.9875956,TUN,34.7387,10.7616,20400,50.9,-59.7,11.1,18.6,5612,A,Ascent,False,-0.41539273002181853,0.8307854600436371
2026-08-11T15:02:44.028464,1786456964.0285022,TUN,34.7387,10.7616,20550,49.6,-59.6,15.7,19.1,5801,A,Ascent,False,-0.40667542776158727,0.8133508555231745
2026-08-11T15:02:45.050603,1786456965.050646,TUN,34.7387,10.7616,20700,49.0,-60.1,5.0,19.0,5832,A,Ascent,False,-0.4140061747423907,0.8280123494847814
2026-08-11T15:02:46.102421,1786456966.1024418,TUN,34.7387,10.7616,20850,47.6,-59.7,12.4,18.7,6043,A,Ascent,False,-0.41491054061131255,0.8298210812226251
2026-08-11T15:02:47.125408,1786456967.1254327,TUN,34.7387,10.7616,21000,45.8,-60.3,7.4,18.3,6115,A,Ascent,False,-0.4162843601382799,0.8325687202765598
2026-08-11T15:02:48.170579,1786456968.1706018,TUN,34.7387,10.7616,21150,45.0,-60.0,24.8,18.5,6436,A,Ascent,False,-0.4122746395428426,0.8245492790856852
2026-08-11T15:02:49.197261,1786456969.1972945,TUN,34.7386,10.7616,21300,45.2,-59.6,26.2,18.6,6606,A,Ascent,False,-0.4086728142744809,0.8173456285489618
2026-08-11T15:02:50.242533,1786456970.2425644,TUN,34.7386,10.7617,21450,42.6,-60.0,16.8,18.8,6635,A,Ascent,False,-0.4009781151792117,0.8019562303584234
2026-08-11T15:02:51.283735,1786456971.2837665,TUN,34.7386,10.7617,21600,42.4,-60.1,9.6,18.8,6710,A,Ascent,False,-0.39883289338733346,0.7976657867746669
2026-08-11T15:02:52.325355,1786456972.3254375,TUN,34.7386,10.7617,21750,42.1,-59.8,17.0,18.1,6927,A,Ascent,False,-0.41349408085539346,0.8269881617107869
2026-08-11T15:02:53.366651,1786456973.3666835,TUN,34.7386,10.7617,21900,41.1,-59.7,25.2,18.4,7153,A,Ascent,False,-0.39867819577168695,0.7973563915433739
2026-08-11T15:02:54.408702,1786456974.4087343,TUN,34.7386,10.7617,22050,40.2,-60.2,11.2,17.9,7144,A,Ascent,False,-0.4207613688164614,0.8415227376329228
2026-08-11T15:02:55.449595,1786456975.449643,TUN,34.7386,10.7617,22200,37.8,-60.2,27.5,18.0,7434,A,Ascent,False,-0.42051056945228055,0.8410211389045611
2026-08-11T15:02:56.490949,1786456976.4909823,TUN,34.7386,10.7617,22350,38.7,-60.4,10.7,17.9,7422,A,Ascent,False,-0.4095738608832945,0.819147721766589
2026-08-11T15:02:57.803563,1786456977.8035967,TUN,34.7386,10.7617,22500,36.5,-59.6,23.4,18.3,7689,A,Ascent,False,-0.43507578254155077,0.8701515650831015
2026-08-11T15:02:58.847547,1786456978.8475785,TUN,34.7386,10.7618,22650,36.1,-60.1,21.9,18.4,7817,A,Ascent,False,-0.3981304671860171,0.7962609343720342
2026-08-11T15:02:59.888453,1786456979.88848,TUN,34.7386,10.7618,22800,34.6,-60.3,26.2,18.3,7992,A,Ascent,False,-0.4044478479669916,0.8088956959339832
2026-08-11T15:03:00.913510,1786456980.9135432,TUN,34.7385,10.7618,22950,34.8,-59.7,7.4,18.4,7962,A,Ascent,False,-0.4236906278022205,0.847381255604441
2026-08-11T15:03:01.954568,1786456981.9546003,TUN,34.7385,10.7618,23100,33.2,-59.8,20.7,17.9,8223,A,Ascent,False,-0.4084489563549095,0.816897912709819
2026-08-11T15:03:02.996418,1786456982.9964497,TUN,34.7385,10.7618,23250,32.7,-59.8,20.2,17.8,8362,A,Ascent,False,-0.39476667202044075,0.7895333440408815
2026-08-11T15:03:04.038030,1786456984.038062,TUN,34.7385,10.7618,23400,32.2,-59.6,14.3,18.1,8453,A,Ascent,False,-0.3998880309124134,0.7997760618248267
2026-08-11T15:03:05.080229,1786456985.080292,TUN,34.7385,10.7618,23550,31.3,-59.8,18.8,17.8,8634,A,Ascent,False,-0.40906978734068644,0.8181395746813729
2026-08-11T15:03:06.121588,1786456986.1216195,TUN,34.7385,10.7618,23700,31.4,-59.6,11.3,17.8,8712,A,Ascent,False,-0.4368958910769672,0.8737917821539344
2026-08-11T15:03:07.162945,1786456987.1629767,TUN,34.7385,10.7618,23850,28.9,-59.6,18.5,17.4,8905,A,Ascent,False,-0.426898786852484,0.853797573704968
2026-08-11T15:03:08.204439,1786456988.2044585,TUN,34.7385,10.7619,24000,28.3,-59.7,12.0,18.3,8993,A,Ascent,False,-0.4631013822129524,0.9262027644259048
2026-08-11T15:03:09.227855,1786456989.2278867,TUN,34.7385,10.7619,24150,29.3,-59.8,19.7,17.4,9220,A,Ascent,False,-0.4470927315771704,0.8941854631543408
2026-08-11T15:03:10.269207,1786456990.2692802,TUN,34.7385,10.7619,24300,27.5,-60.1,14.9,17.9,9306,A,Ascent,False,-0.4205632680983959,0.8411265361967918
2026-08-11T15:03:11.311350,1786456991.3113818,TUN,34.7384,10.7619,24450,26.3,-60.2,20.9,17.4,9497,A,Ascent,False,-0.42359510862076083,0.8471902172415217
2026-08-11T15:03:12.352845,1786456992.3528767,TUN,34.7384,10.7619,24600,26.0,-59.7,23.8,17.9,9683,A,Ascent,False,-0.4093533092198996,0.8187066184397992
2026-08-11T15:03:13.394417,1786456993.3944502,TUN,34.7384,10.7619,24750,26.3,-60.2,25.4,17.1,9839,A,Ascent,False,-0.42447928481080816,0.8489585696216163
2026-08-11T15:03:14.436533,1786456994.43658,TUN,34.7384,10.7619,24900,25.8,-59.5,22.8,17.6,9970,A,Ascent,False,-0.4268996508293094,0.8537993016586188
2026-08-11T15:03:15.477430,1786456995.4774613,TUN,34.7384,10.7619,25050,24.9,-60.0,20.4,17.2,78,A,Ascent,False,-0.42705294596268095,0.8541058919253619
2026-08-11T15:03:16.518658,1786456996.5186992,TUN,34.7384,10.7619,25200,24.3,-60.1,12.0,17.2,137,A,Ascent,False,-0.40116255718520943,0.8023251143704189
2026-08-11T15:03:17.561973,1786456997.5620048,TUN,34.7384,10.762,25350,22.7,-59.6,20.0,17.0,355,A,Ascent,False,-0.41338640707189045,0.8267728141437809
2026-08-11T15:03:18.603417,1786456998.6034403,TUN,34.7384,10.762,25500,23.7,-60.2,9.2,17.2,403,A,Ascent,False,-0.4228662561149281,0.8457325122298562
2026-08-11T15:03:19.628623,1786456999.6286552,TUN,34.7384,10.762,25650,22.9,-60.0,24.6,17.6,705,A,Ascent,False,-0.4194283574489574,0.8388567148979148
2026-08-11T15:03:20.669457,1786457000.6694882,TUN,34.7384,10.762,25800,22.7,-59.6,8.7,17.2,694,A,Ascent,False,-0.42926090789364446,0.8585218157872889
2026-08-11T15:03:21.711113,1786457001.711145,TUN,34.7384,10.762,25950,20.4,-59.9,5.0,16.9,778,A,Ascent,False,-0.4288549226896978,0.8577098453793957
2026-08-11T15:03:22.753554,1786457002.7536004,TUN,34.7383,10.762,26100,21.3,-60.4,26.5,16.8,1145,A,Ascent,False,-0.45026326392569765,0.9005265278513953
2026-08-11T15:03:23.811119,1786457003.8111396,TUN,34.7383,10.762,26250,20.8,-59.9,19.8,17.3,1233,A,Ascent,False,-0.4098264099148666,0.8196528198297331
2026-08-11T15:03:24.835324,1786457004.835357,TUN,34.7383,10.762,26400,19.1,-60.1,8.4,16.9,1246,A,Ascent,False,-0.42697526691160714,0.8539505338232143
2026-08-11T15:03:25.878593,1786457005.878625,TUN,34.7383,10.7621,26550,19.8,-60.3,7.1,16.9,1389,A,Ascent,False,-0.42666990249638065,0.8533398049927613
2026-08-11T15:03:26.920315,1786457006.9203463,TUN,34.7383,10.7621,26700,19.8,-60.4,29.0,16.6,1754,A,Ascent,False,-0.45582028680533004,0.9116405736106601
2026-08-11T15:03:27.961601,1786457007.9616423,TUN,34.7383,10.7621,26850,17.9,-59.5,10.0,16.5,1703,A,Ascent,False,-0.4455268227327814,0.8910536454655628
2026-08-11T15:03:29.019979,1786457009.0200114,TUN,34.7383,10.7621,27000,18.1,-60.2,23.7,16.5,1985,A,Ascent,False,-0.44335229786578184,0.8867045957315637
2026-08-11T15:03:30.062492,1786457010.0625236,TUN,34.7383,10.7621,27150,17.6,-59.7,6.2,16.5,1960,A,Ascent,False,-0.44302130825657554,0.8860426165131511
2026-08-11T15:03:31.094048,1786457011.0940876,TUN,34.7383,10.7621,27300,17.1,-60.1,25.5,16.9,2298,A,Ascent,False,-0.4362999439983053,0.8725998879966106
2026-08-11T15:03:32.119615,1786457012.1196485,TUN,34.7383,10.7621,27450,17.4,-59.7,30.8,16.9,2508,A,Ascent,False,-0.4336486617111458,0.8672973234222916
2026-08-11T15:03:33.160915,1786457013.1609466,TUN,34.7382,10.7621,27600,16.4,-60.1,23.0,16.6,2562,A,Ascent,False,-0.42504015830851655,0.8500803166170331
2026-08-11T15:03:34.201585,1786457014.2016177,TUN,34.7382,10.7621,27750,15.5,-60.4,6.6,16.3,2533,A,Ascent,False,-0.44039245359300566,0.8807849071860113
2026-08-11T15:03:35.242616,1786457015.2426481,TUN,34.7382,10.7622,27900,15.4,-59.9,29.6,16.6,2921,A,Ascent,False,-0.4484609040347456,0.8969218080694912
2026-08-11T15:03:36.284473,1786457016.2845066,TUN,34.7382,10.7622,28050,15.5,-60.1,18.3,16.6,2957,A,Ascent,False,-0.4204072482022046,0.8408144964044092
2026-08-11T15:03:37.326166,1786457017.3261988,TUN,34.7382,10.7622,28200,15.2,-60.1,20.1,16.5,3121,A,Ascent,False,-0.4267087142536666,0.8534174285073332
2026-08-11T15:03:38.368273,1786457018.3683064,TUN,34.7382,10.7622,28350,14.6,-59.8,23.8,16.3,3303,A,Ascent,False,-0.4269441403183374,0.8538882806366748
2026-08-11T15:03:39.409466,1786457019.4094934,TUN,34.7382,10.7622,28500,15.3,-59.8,21.1,16.6,3436,A,Ascent,False,-0.4516958528229372,0.9033917056458745
2026-08-11T15:03:40.441477,1786457020.4415097,TUN,34.7382,10.7622,28650,14.0,-59.9,6.5,16.7,3427,A,Ascent,False,-0.4417364384328417,0.8834728768656834
2026-08-11T15:03:41.482337,1786457021.4823914,TUN,34.7382,10.7622,28800,13.1,-59.6,22.6,16.4,3729,A,Ascent,False,-0.44165991794823006,0.8833198358964601
2026-08-11T15:03:42.523376,1786457022.523409,TUN,34.7382,10.7622,28950,14.1,-60.4,22.5,15.9,3875,A,Ascent,False,-0.436760684348516,0.873521368697032
2026-08-11T15:03:43.564750,1786457023.564782,TUN,34.7382,10.7622,29100,12.3,-60.2,15.3,16.0,3938,A,Ascent,False,-0.4208859346593705,0.841771869318741
2026-08-11T15:03:44.605501,1786457024.6055496,TUN,34.7381,10.7623,29250,12.5,-59.8,21.8,16.4,4163,A,Ascent,False,-0.4162893201049138,0.8325786402098276
2026-08-11T15:03:45.647589,1786457025.6476228,TUN,34.7381,10.7623,29400,12.9,-59.6,26.1,15.9,4357,A,Ascent,False,-0.4454887726623656,0.8909775453247312
2026-08-11T15:03:46.688582,1786457026.6886144,TUN,34.7381,10.7623,29550,11.7,-59.8,19.1,16.6,4430,A,Ascent,False,-0.4470784049389868,0.8941568098779736
2026-08-11T15:03:47.730257,1786457027.7302978,TUN,34.7381,10.7623,29700,12.2,-60.0,13.1,15.7,4514,A,Ascent,False,-0.45067540233242526,0.9013508046648505
2026-08-11T15:03:48.771504,1786457028.771537,TUN,34.7381,10.7623,29850,12.5,-59.9,11.3,16.3,4656,A,Ascent,False,-0.44021393851769025,0.8804278770353805
2026-08-11T15:03:50.049427,1786457030.0494595,TUN,34.7381,10.7623,30000,11.2,-60.1,8.0,15.8,4753,A,Ascent,False,-0.4512005406138809,0.9024010812277617
2026-08-11T15:03:51.092180,1786457031.0922122,TUN,34.7381,10.7623,30000,11.0,-60.5,12.4,15.9,4792,A,Ascent,False,-0.45663848386039585,0.9132769677207917
2026-08-11T15:03:52.134751,1786457032.1347833,TUN,34.7381,10.7623,30000,11.4,-60.4,19.0,16.0,4864,A,Ascent,False,-0.44847354036732134,0.8969470807346427
2026-08-11T15:03:53.175584,1786457033.1756246,TUN,34.7381,10.7623,30000,11.6,-59.7,15.4,15.8,4835,A,Ascent,False,-0.44337301960091385,0.8867460392018277
2026-08-11T15:03:54.216521,1786457034.216553,TUN,34.7381,10.7623,30000,12.0,-60.0,30.3,15.6,4983,A,Ascent,False,-0.47641809001979696,0.9528361800395939
2026-08-11T15:03:55.259272,1786457035.2593043,TUN,34.7381,10.7623,30000,11.3,-59.7,20.5,16.2,4887,A,Ascent,False,-0.47280098618523864,0.9456019723704773
2026-08-11T15:03:56.300779,1786457036.3008106,TUN,34.7381,10.7623,30000,12.3,-59.9,25.8,15.9,4945,A,Ascent,False,-0.4661854908313809,0.9323709816627618
2026-08-11T15:03:57.342693,1786457037.3427303,TUN,34.7381,10.7623,30000,11.8,-59.9,15.4,16.1,4838,A,Ascent,False,-0.45765940643880704,0.9153188128776141
2026-08-11T15:03:58.384505,1786457038.384538,TUN,34.7381,10.7623,30000,11.9,-59.8,15.9,16.0,4844,A,Ascent,False,-0.4483460931388853,0.8966921862777706
2026-08-11T15:03:59.426356,1786457039.426398,TUN,34.7381,10.7623,30000,11.1,-60.1,19.1,15.9,4864,A,Ascent,False,-0.46709891052003805,0.9341978210400761
2026-08-11T15:04:00.468392,1786457040.4684107,TUN,34.7381,10.7623,30000,11.5,-59.7,9.6,16.1,4779,A,Ascent,False,-0.47948166225429395,0.9589633245085879
2026-08-11T15:04:01.495606,1786457041.4956374,TUN,34.7381,10.7623,30000,11.0,-60.1,14.4,16.2,4819,A,Ascent,False,-0.47250622844320156,0.9450124568864031
2026-08-11T15:04:02.537557,1786457042.5375896,TUN,34.7381,10.7623,30000,10.7,-60.5,7.0,15.6,4732,A,Ascent,False,-0.473151015758251,0.946302031516502
2026-08-11T15:04:03.578478,1786457043.5785108,TUN,34.7381,10.7623,30000,11.4,-59.8,18.7,16.3,4870,A,Ascent,False,-0.4863375828318681,0.9726751656637362
2026-08-11T15:04:04.620347,1786457044.6203804,TUN,34.7381,10.7623,30000,11.7,-60.5,25.5,16.4,4935,A,Ascent,False,-0.47064781151163765,0.9412956230232753
2026-08-11T15:04:05.664420,1786457045.6644409,TUN,34.7381,10.7623,30000,12.2,-60.5,24.5,15.8,4924,A,Ascent,False,-0.4640878942963264,0.9281757885926528
2026-08-11T15:04:06.687136,1786457046.6871593,TUN,34.7381,10.7623,30000,12.0,-59.6,25.8,15.6,4942,A,Ascent,False,-0.4731024022382351,0.9462048044764702
2026-08-11T15:04:07.717581,1786457047.7176273,TUN,34.7381,10.7623,30000,11.9,-60.0,21.4,15.8,4895,A,Ascent,False,-0.470970653701202,0.941941307402404
2026-08-11T15:04:08.781500,1786457048.7815328,TUN,34.7381,10.7623,30000,11.6,-60.2,17.1,16.5,4854,A,Ascent,False,-0.4867956527363444,0.9735913054726888
2026-08-11T15:04:09.822405,1786457049.8224268,TUN,34.7381,10.7623,30000,10.5,-60.4,28.7,15.9,4951,A,Ascent,False,-0.47472106084139853,0.9494421216827971
2026-08-11T15:04:10.844504,1786457050.8445382,TUN,34.7381,10.7623,30000,11.2,-59.5,5.8,15.6,4735,A,Ascent,False,-0.4828856815773034,0.9657713631546068
2026-08-11T15:04:11.885355,1786457051.8853877,TUN,34.7381,10.7623,30000,11.8,-60.2,14.4,16.5,4829,A,Ascent,False,-0.4987369587661727,0.9974739175323454
2026-08-11T15:04:12.926900,1786457052.926937,TUN,34.7381,10.7623,30000,11.6,-60.3,21.8,16.4,4899,A,Ascent,False,-0.4502023961926982,0.9004047923853964
2026-08-11T15:04:13.968556,1786457053.9686046,TUN,34.7381,10.7623,30000,10.6,-59.7,26.3,15.8,4934,A,Ascent,False,-0.46829211867432996,0.9365842373486599
2026-08-11T15:04:15.010468,1786457055.0105002,TUN,34.7381,10.7623,30000,10.8,-60.4,19.9,15.5,4862,A,Ascent,False,-0.4679220272046221,0.9358440544092442
2026-08-11T15:04:16.051499,1786457056.0515313,TUN,34.7381,10.7623,30000,11.9,-60.3,14.7,16.1,4828,A,Ascent,False,-0.45894600617474807,0.9178920123494961
2026-08-11T15:04:17.093438,1786457057.0934718,TUN,34.7381,10.7623,29550,12.5,-60.3,9.3,16.5,4334,D,Descent,False,-0.4902036475525055,0.980407295105011
2026-08-11T15:04:18.136020,1786457058.1360912,TUN,34.7382,10.7622,29100,13.7,-59.9,27.4,16.2,4078,D,Descent,False,-0.5145434814465712,1.0
2026-08-11T15:04:19.177918,1786457059.1779509,TUN,34.7382,10.7622,28650,14.3,-60.0,29.4,16.1,3652,D,Descent,False,-0.4882799293935888,0.9765598587871775
2026-08-11T15:04:20.219917,1786457060.219968,TUN,34.7382,10.7622,28200,15.1,-60.5,28.4,16.8,3202,D,Descent,False,-0.512834637951712,1.0
2026-08-11T15:04:21.261477,1786457061.2615097,TUN,34.7382,10.7621,27750,15.6,-59.7,23.8,16.7,2717,D,Descent,False,-0.4809836915317487,0.9619673830634974
2026-08-11T15:04:22.302470,1786457062.302503,TUN,34.7383,10.7621,27300,17.1,-59.7,25.5,16.8,2301,D,Descent,False,-0.4920854143970193,0.9841708287940386
2026-08-11T15:04:23.359327,1786457063.3593585,TUN,34.7383,10.7621,26850,17.7,-59.7,18.0,17.4,1788,D,Descent,False,-0.48845834800640314,0.9769166960128063
2026-08-11T15:04:24.401569,1786457064.4016008,TUN,34.7383,10.762,26400,20.4,-59.9,11.5,17.5,1298,D,Descent,False,-0.4598357192215646,0.9196714384431292
2026-08-11T15:04:25.446700,1786457065.4467323,TUN,34.7384,10.762,25950,22.1,-60.3,15.9,16.9,900,D,Descent,False,-0.4678263883341102,0.9356527766682204
2026-08-11T15:04:26.488596,1786457066.4886405,TUN,34.7384,10.762,25500,23.4,-59.9,9.9,17.6,414,D,Descent,False,-0.4815340354588871,0.9630680709177742
2026-08-11T15:04:27.543589,1786457067.5436223,TUN,34.7384,10.7619,25050,24.5,-60.0,19.9,17.7,74,D,Descent,False,-0.4610404977743036,0.9220809955486072
2026-08-11T15:04:28.593567,1786457068.593611,TUN,34.7384,10.7619,24600,26.3,-60.1,29.9,17.5,9739,D,Descent,False,-0.46402605922017426,0.9280521184403485
2026-08-11T15:04:29.639613,1786457069.6396449,TUN,34.7385,10.7619,24150,28.8,-59.8,16.6,17.4,9184,D,Descent,False,-0.4571069580691443,0.9142139161382886
2026-08-11T15:04:30.687518,1786457070.6875508,TUN,34.7385,10.7618,23700,30.2,-60.1,24.1,18.3,8828,D,Descent,False,-0.5011324994525825,1.0
2026-08-11T15:04:31.728489,1786457071.7285218,TUN,34.7385,10.7618,23250,33.5,-59.6,26.4,17.7,8433,D,Descent,False,-0.4786522627345333,0.9573045254690666
2026-08-11T15:04:32.771489,1786457072.771522,TUN,34.7386,10.7618,22800,35.3,-59.6,10.1,18.6,7848,D,Descent,False,-0.5174984052474997,1.0
2026-08-11T15:04:33.812566,1786457073.8125985,TUN,34.7386,10.7617,22350,37.3,-60.1,15.0,18.1,7456,D,Descent,False,-0.46218605007196606,0.9243721001439321
2026-08-11T15:04:34.867496,1786457074.8675296,TUN,34.7386,10.7617,21900,41.3,-59.7,14.0,18.9,7048,D,Descent,False,-0.48287022986258504,0.9657404597251701
2026-08-11T15:04:35.909592,1786457075.9096222,TUN,34.7386,10.7617,21450,44.1,-60.0,18.2,18.6,6662,D,Descent,False,-0.46739360846242345,0.9347872169248469
2026-08-11T15:04:36.950767,1786457076.9507995,TUN,34.7387,10.7616,21000,45.8,-60.1,22.1,18.5,6266,D,Descent,False,-0.45135453039835666,0.9027090607967133
2026-08-11T15:04:37.991482,1786457077.9915133,TUN,34.7387,10.7616,20550,49.7,-60.4,13.9,18.7,5772,D,Descent,False,-0.4601469235063321,0.9202938470126641
2026-08-11T15:04:39.032657,1786457079.0326896,TUN,34.7387,10.7616,20100,53.5,-60.0,20.1,18.5,5424,D,Descent,False,-0.4708396656707363,0.9416793313414726
2026-08-11T15:04:40.073580,1786457080.0736115,TUN,34.7388,10.7615,19650,58.8,-60.0,13.6,19.2,4969,D,Descent,False,-0.47917979343564626,0.9583595868712925
2026-08-11T15:04:41.115597,1786457081.1156292,TUN,34.7388,10.7615,19200,61.6,-60.2,28.7,18.9,4693,D,Descent,False,-0.4804798707419745,0.960959741483949
2026-08-11T15:04:42.402903,1786457082.402936,TUN,34.7388,10.7614,18750,66.7,-59.9,17.5,19.2,4187,D,Descent,False,-0.4533185864536676,0.9066371729073353
2026-08-11T15:04:43.445592,1786457083.4456248,TUN,34.7388,10.7614,18300,72.5,-59.5,21.0,19.3,3835,D,Descent,False,-0.4522210418319692,0.9044420836639384
2026-08-11T15:04:44.486295,1786457084.4863267,TUN,34.7389,10.7614,17850,76.1,-60.2,27.2,19.2,3476,D,Descent,False,-0.4748965520865484,0.9497931041730968
2026-08-11T15:04:45.526514,1786457085.5265455,TUN,34.7389,10.7613,17400,82.0,-59.7,16.4,19.3,2982,D,Descent,False,-0.47591712562405886,0.9518342512481177
2026-08-11T15:04:46.567462,1786457086.5674932,TUN,34.7389,10.7613,16950,89.4,-60.0,10.9,20.1,2556,D,Descent,False,-0.48658094704406346,0.9731618940881269
2026-08-11T15:04:47.608556,1786457087.6085882,TUN,34.739,10.7613,16500,95.8,-60.4,5.3,19.6,2106,D,Descent,False,-0.4866246641065696,0.9732493282131393
2026-08-11T15:04:48.650587,1786457088.6506195,TUN,34.739,10.7612,16050,101.7,-60.3,22.4,19.9,1889,D,Descent,False,-0.4841319464759096,0.9682638929518192
2026-08-11T15:04:49.691525,1786457089.6915567,TUN,34.739,10.7612,15600,110.5,-59.8,26.1,20.7,1577,D,Descent,False,-0.5126417332985301,1.0
2026-08-11T15:04:50.731493,1786457090.731524,TUN,34.739,10.7612,15150,117.8,-59.8,20.4,20.0,1136,D,Descent,False,-0.47129471633548453,0.9425894326709691
2026-08-11T15:04:51.773579,1786457091.7736108,TUN,34.7391,10.7611,14700,126.1,-60.2,17.5,20.4,740,D,Descent,False,-0.46682053801752504,0.9336410760350501
2026-08-11T15:04:52.814548,1786457092.814579,TUN,34.7391,10.7611,14250,136.4,-60.0,29.9,20.3,518,D,Descent,False,-0.4969906331793208,0.9939812663586416
2026-08-11T15:04:53.892017,1786457093.8920414,TUN,34.7391,10.7611,13800,145.0,-59.7,22.5,20.6,86,D,Descent,False,-0.4794995117133827,0.9589990234267654
2026-08-11T15:04:54.961531,1786457094.9615629,TUN,34.7392,10.761,13350,156.0,-60.2,18.4,20.9,9703,D,Descent,False,-0.47260406480285594,0.9452081296057119
2026-08-11T15:04:56.001475,1786457096.0015073,TUN,34.7392,10.761,12900,168.1,-58.7,23.5,21.0,9441,D,Descent,False,-0.5164829683464963,1.0
2026-08-11T15:04:57.043627,1786457097.04366,TUN,34.7392,10.761,12450,180.6,-55.6,14.4,21.0,9056,D,Descent,False,-0.5332664796576985,1.0
2026-08-11T15:04:58.085526,1786457098.0855567,TUN,34.7392,10.7609,12000,194.1,-53.5,16.6,21.2,8785,D,Descent,False,-0.5352415333876778,1.0
2026-08-11T15:04:59.133541,1786457099.133572,TUN,34.7393,10.7609,11550,207.9,-49.9,29.9,21.4,8645,D,Descent,False,-0.567920323537395,1.0
2026-08-11T15:05:00.175443,1786457100.1754634,TUN,34.7393,10.7609,11100,223.8,-47.3,17.9,21.9,8265,D,Descent,False,-0.5309932563934703,1.0
2026-08-11T15:05:01.198732,1786457101.1987646,TUN,34.7393,10.7608,10650,238.6,-44.4,23.4,21.8,8045,D,Descent,False,-0.5185268738524121,1.0
2026-08-11T15:05:02.240800,1786457102.240832,TUN,34.7394,10.7608,10200,256.9,-41.1,14.4,22.3,7727,D,Descent,False,-0.5231688414467519,1.0
2026-08-11T15:05:03.281471,1786457103.281502,TUN,34.7394,10.7608,9750,275.3,-38.2,26.3,22.0,7606,D,Descent,False,-0.535338302468011,1.0
2026-08-11T15:05:04.323529,1786457104.3235602,TUN,34.7394,10.7607,9300,293.7,-35.7,19.4,22.0,7295,D,Descent,False,-0.5340706924092131,1.0
2026-08-11T15:05:05.365499,1786457105.3655303,TUN,34.7394,10.7607,8850,314.3,-32.8,20.8,22.8,7102,D,Descent,False,-0.5439842764040324,1.0
2026-08-11T15:05:06.410542,1786457106.4105723,TUN,34.7395,10.7606,8400,336.3,-29.6,20.9,22.0,6897,D,Descent,False,-0.548975717276143,1.0
2026-08-11T15:05:07.453167,1786457107.4531994,TUN,34.7395,10.7606,7950,358.3,-26.4,24.1,22.6,6737,D,Descent,False,-0.558633683352046,1.0
2026-08-11T15:05:08.495018,1786457108.4950497,TUN,34.7395,10.7606,7500,383.3,-23.5,15.5,22.7,6481,D,Descent,False,-0.5518596466232687,1.0
2026-08-11T15:05:09.537267,1786457109.5373065,TUN,34.7396,10.7605,7050,408.0,-20.8,27.2,23.1,6426,D,Descent,False,-0.5579248163070929,1.0
2026-08-11T15:05:10.591921,1786457110.5919516,TUN,34.7396,10.7605,6600,433.4,-18.0,30.0,23.3,6288,D,Descent,False,-0.5496505854407301,1.0
2026-08-11T15:05:11.644550,1786457111.6445816,TUN,34.7396,10.7605,6150,461.4,-14.8,24.0,23.3,6090,D,Descent,False,-0.550996899648342,1.0
2026-08-11T15:05:12.687508,1786457112.6875381,TUN,34.7396,10.7604,5700,492.4,-11.6,18.4,23.1,5923,D,Descent,False,-0.5655763738592157,1.0
2026-08-11T15:05:13.730553,1786457113.7305849,TUN,34.7397,10.7604,5250,522.0,-8.7,22.0,22.9,5833,D,Descent,False,-0.5733184037055358,1.0
2026-08-11T15:05:14.772518,1786457114.772551,TUN,34.7397,10.7604,4800,555.6,-5.8,31.7,23.2,5848,D,Descent,False,-0.5653904650074184,1.0
2026-08-11T15:05:15.814482,1786457115.8145137,TUN,34.7397,10.7603,4350,588.2,-3.6,26.4,23.4,5694,D,Descent,False,-0.5552292943754792,1.0
2026-08-11T15:05:16.855527,1786457116.8555567,TUN,34.7398,10.7603,3900,625.2,-0.8,29.6,23.4,5675,D,Descent,False,-0.5755986432382175,1.0
2026-08-11T15:05:17.896484,1786457117.896516,TUN,34.7398,10.7603,3450,662.1,2.4,32.3,23.5,5654,D,Descent,False,-0.5841050471821747,1.0
2026-08-11T15:05:18.939385,1786457118.939417,TUN,34.7398,10.7602,3000,701.4,6.0,34.7,24.3,5664,D,Descent,False,-0.6022028851893838,1.0
2026-08-11T15:05:19.979537,1786457119.97957,TUN,34.7398,10.7602,2550,742.7,8.3,22.1,24.5,5526,D,Descent,False,-0.5900879352328948,1.0
2026-08-11T15:05:21.033554,1786457121.033587,TUN,34.7399,10.7602,2100,784.3,11.8,37.9,24.8,5689,D,Descent,False,-0.6227792569393579,1.0
2026-08-11T15:05:22.077165,1786457122.0771983,TUN,34.7399,10.7601,1650,829.9,13.9,26.1,24.0,5589,D,Descent,False,-0.6163161569419496,1.0
2026-08-11T15:05:23.118484,1786457123.1185255,TUN,34.7399,10.7601,1200,877.5,17.1,42.5,25.0,5821,D,Descent,False,-0.6269781061168578,1.0
2026-08-11T15:05:24.160564,1786457124.160596,TUN,34.74,10.7601,750,925.6,20.2,72.0,24.8,6177,D,Descent,True,-0.6699493591019399,1.0
2026-08-11T15:05:25.425413,1786457125.4254458,TUN,34.74,10.76,300,977.1,23.5,75.9,24.8,6313,D,Descent,True,-0.6731137996385768,1.0
2026-08-11T15:05:26.695766,1786457126.695806,TUN,34.74,10.76,0,1014.2,24.7,78.5,25.5,6429,L,Landing,True,-0.6728850744159406,1.0
2026-08-11T15:05:27.937476,1786457127.937508,TUN,34.74,10.76,0,1012.6,24.6,64.3,24.6,6261,L,Landing,False,-0.6326768983863031,1.0
2026-08-11T15:05:28.978489,1786457128.9785388,TUN,34.74,10.76,0,1013.2,24.9,64.3,24.5,6269,L,Landing,False,-0.5932990079041426,1.0
2026-08-11T15:05:30.022378,1786457130.0224113,TUN,34.74,10.76,0,1012.9,24.5,68.1,24.6,6301,L,Landing,False,-0.5845789174339344,1.0
2026-08-11T15:05:31.063486,1786457131.0635192,TUN,34.74,10.76,0,1012.7,25.5,69.0,25.0,6322,L,Landing,False,-0.6047550319417939,1.0
2026-08-11T15:05:32.107146,1786457132.1071777,TUN,34.74,10.76,0,1012.4,24.9,57.6,25.3,6202,L,Landing,False,-0.585949042139592,1.0
2026-08-11T15:05:33.148515,1786457133.1485472,TUN,34.74,10.76,0,1013.4,24.9,51.1,24.8,6142,L,Landing,False,-0.57856835078355,1.0
2026-08-11T15:05:34.194553,1786457134.1945853,TUN,34.74,10.76,0,1013.5,25.5,53.5,24.5,6170,L,Landing,False,-0.5804936529004684,1.0
2026-08-11T15:05:35.497701,1786457135.4977221,TUN,34.7395,10.7595,0,1013.5,25.4,74.2,24.8,6369,L,Landing,False,-0.600184181876327,1.0
2026-08-11T15:05:36.539487,1786457136.53952,TUN,34.7395,10.7595,150,995.8,23.5,45.2,24.6,6031,A,Ascent,False,-0.5803068829572069,1.0
2026-08-11T15:05:37.588562,1786457137.5885944,TUN,34.7395,10.7595,300,976.8,23.0,56.2,24.5,6095,A,Ascent,False,-0.5534127593539886,1.0
2026-08-11T15:05:38.631394,1786457138.6314304,TUN,34.7395,10.7595,450,960.1,21.8,64.6,24.7,6152,A,Ascent,False,-0.5712429842210874,1.0
2026-08-11T15:05:39.654552,1786457139.6545992,TUN,34.7395,10.7595,600,943.4,21.6,43.6,25.3,5929,A,Ascent,False,-0.5571312506843987,1.0
2026-08-11T15:05:40.699498,1786457140.6995363,TUN,34.7395,10.7596,750,926.6,20.4,45.0,24.9,5910,A,Ascent,False,-0.5319368220927803,1.0
2026-08-11T15:05:41.742503,1786457141.7425354,TUN,34.7394,10.7596,900,910.0,18.7,52.8,25.1,5956,A,Ascent,False,-0.5416782615344615,1.0
2026-08-11T15:05:42.788420,1786457142.7884421,TUN,34.7394,10.7596,1050,894.0,17.8,30.7,24.4,5709,A,Ascent,False,-0.5499498109078311,1.0
2026-08-11T15:05:43.811554,1786457143.8116107,TUN,34.7394,10.7596,1200,876.6,17.1,29.8,25.1,5676,A,Ascent,False,-0.5264885528632702,1.0
2026-08-11T15:05:44.855474,1786457144.8555055,TUN,34.7394,10.7596,1350,861.6,16.7,45.1,24.8,5822,A,Ascent,False,-0.5283142161403801,1.0
2026-08-11T15:05:45.898540,1786457145.8985732,TUN,34.7394,10.7596,1500,845.0,14.8,47.7,24.9,5814,A,Ascent,False,-0.5237166948749719,1.0
2026-08-11T15:05:46.943098,1786457146.94313,TUN,34.7394,10.7596,1650,829.7,13.9,43.1,24.4,5751,A,Ascent,False,-0.5127680311551128,1.0
2026-08-11T15:05:47.985635,1786457147.9856925,TUN,34.7394,10.7596,1800,814.2,13.5,45.8,24.3,5768,A,Ascent,False,-0.514198902112686,1.0
2026-08-11T15:05:49.029490,1786457149.029522,TUN,34.7394,10.7597,1950,800.0,12.8,38.3,24.0,5692,A,Ascent,False,-0.5101045550206146,1.0
2026-08-11T15:05:50.071563,1786457150.0716045,TUN,34.7394,10.7597,2100,785.3,11.5,38.5,24.6,5690,A,Ascent,False,-0.5120003400406727,1.0
2026-08-11T15:05:51.119483,1786457151.119516,TUN,34.7394,10.7597,2250,771.1,10.1,25.8,24.2,5553,A,Ascent,False,-0.5086734823968455,1.0
2026-08-11T15:05:52.166438,1786457152.1664608,TUN,34.7393,10.7597,2400,756.4,9.4,43.2,24.7,5727,A,Ascent,False,-0.5287529231216918,1.0
2026-08-11T15:05:53.209523,1786457153.2095563,TUN,34.7393,10.7597,2550,742.1,8.6,20.5,23.8,5490,A,Ascent,False,-0.5197067328637975,1.0
2026-08-11T15:05:54.257664,1786457154.257697,TUN,34.7393,10.7597,2700,727.2,7.4,35.2,23.9,5627,A,Ascent,False,-0.4991497903958438,0.9982995807916876
2026-08-11T15:05:55.299190,1786457155.2992222,TUN,34.7393,10.7597,2850,714.8,6.3,23.0,24.2,5523,A,Ascent,False,-0.4828049273321417,0.9656098546642834
2026-08-11T15:05:56.340479,1786457156.340528,TUN,34.7393,10.7597,3000,702.0,5.9,25.1,24.4,5564,A,Ascent,False,-0.4822865586894202,0.9645731173788404
2026-08-11T15:05:57.384423,1786457157.3844428,TUN,34.7393,10.7597,3150,688.6,4.3,40.1,24.4,5714,A,Ascent,False,-0.4992974187819287,0.9985948375638574
2026-08-11T15:05:58.423418,1786457158.423463,TUN,34.7393,10.7598,3300,674.2,3.3,32.7,24.1,5634,A,Ascent,False,-0.4747445155092668,0.9494890310185335
2026-08-11T15:05:59.445453,1786457159.4454854,TUN,34.7393,10.7598,3450,661.5,2.7,19.7,23.6,5516,A,Ascent,False,-0.4904232723014683,0.9808465446029366
2026-08-11T15:06:00.489404,1786457160.4894254,TUN,34.7393,10.7598,3600,649.1,1.2,42.4,24.4,5762,A,Ascent,False,-0.5464590396976183,1.0
2026-08-11T15:06:01.511560,1786457161.511603,TUN,34.7393,10.7598,3750,637.5,0.2,34.8,23.4,5700,A,Ascent,False,-0.5009833200891636,1.0
2026-08-11T15:06:02.552549,1786457162.5525956,TUN,34.7393,10.7598,3900,625.4,-0.6,21.3,24.2,5594,A,Ascent,False,-0.5105792637424419,1.0
2026-08-11T15:06:03.613485,1786457163.6135173,TUN,34.7392,10.7598,4050,613.0,-1.1,32.2,24.1,5722,A,Ascent,False,-0.4785686625658618,0.9571373251317236
2026-08-11T15:06:04.654378,1786457164.6543984,TUN,34.7392,10.7598,4200,601.2,-2.4,47.6,24.1,5895,A,Ascent,False,-0.5007056480379792,1.0
2026-08-11T15:06:05.676387,1786457165.676407,TUN,34.7392,10.7598,4350,589.2,-3.7,26.2,23.9,5696,A,Ascent,False,-0.4836330135411893,0.9672660270823786
2026-08-11T15:06:06.700371,1786457166.7003908,TUN,34.7392,10.7598,4500,577.4,-4.6,50.4,24.1,5963,A,Ascent,False,-0.5387508111485165,1.0
2026-08-11T15:06:07.723507,1786457167.7235475,TUN,34.7392,10.7599,4650,565.3,-5.3,39.7,23.5,5873,A,Ascent,False,-0.5008236922220372,1.0
2026-08-11T15:06:08.771452,1786457168.7714725,TUN,34.7392,10.7599,4800,555.7,-6.5,21.7,23.6,5736,A,Ascent,False,-0.4932840888856025,0.986568177771205
2026-08-11T15:06:09.792388,1786457169.7924085,TUN,34.7392,10.7599,4950,544.7,-6.8,25.0,23.1,5801,A,Ascent,False,-0.49284376541252023,0.9856875308250405
2026-08-11T15:06:10.830918,1786457170.8309429,TUN,34.7392,10.7599,5100,532.8,-8.4,14.1,23.7,5713,A,Ascent,False,-0.5139715667746856,1.0
2026-08-11T15:06:11.871557,1786457171.8715892,TUN,34.7392,10.7599,5250,522.4,-8.9,19.2,23.9,5807,A,Ascent,False,-0.4657836248339893,0.9315672496679785
2026-08-11T15:06:12.913424,1786457172.9134498,TUN,34.7392,10.7599,5400,511.2,-10.4,28.5,23.3,5917,A,Ascent,False,-0.4932010283555111,0.9864020567110222
2026-08-11T15:06:13.938584,1786457173.938617,TUN,34.7391,10.7599,5550,502.2,-11.5,21.7,23.4,5898,A,Ascent,False,-0.45611065386926614,0.9122213077385323
2026-08-11T15:06:14.980657,1786457174.9806905,TUN,34.7391,10.7599,5700,492.2,-11.9,20.8,23.7,5938,A,Ascent,False,-0.4612588598115989,0.9225177196231978
2026-08-11T15:06:16.021487,1786457176.0215182,TUN,34.7391,10.76,5850,481.7,-12.9,8.5,23.2,5846,A,Ascent,False,-0.4773390073867994,0.9546780147735988
2026-08-11T15:06:17.075471,1786457177.0755036,TUN,34.7391,10.76,6000,471.3,-14.1,6.3,23.3,5859,A,Ascent,False,-0.4687654486276455,0.937530897255291
2026-08-11T15:06:18.116492,1786457178.116524,TUN,34.7391,10.76,6150,462.1,-15.4,25.0,23.3,6091,A,Ascent,False,-0.4672202331662948,0.9344404663325896
2026-08-11T15:06:19.157510,1786457179.1575425,TUN,34.7391,10.76,6300,452.8,-16.1,16.8,23.2,6058,A,Ascent,False,-0.45083611389340905,0.9016722277868181
2026-08-11T15:06:20.199466,1786457180.1994987,TUN,34.7391,10.76,6450,443.1,-16.8,20.6,23.1,6141,A,Ascent,False,-0.46973949011392335,0.9394789802278467
2026-08-11T15:06:21.240476,1786457181.240508,TUN,34.7391,10.76,6600,434.2,-17.8,22.3,23.4,6212,A,Ascent,False,-0.45537548134454,0.91075096268908
2026-08-11T15:06:22.283118,1786457182.2831514,TUN,34.7391,10.76,6750,425.7,-18.8,28.9,23.0,6329,A,Ascent,False,-0.45792553928526003,0.9158510785705201
2026-08-11T15:06:23.325721,1786457183.325753,TUN,34.7391,10.76,6900,415.9,-19.5,18.2,23.0,6267,A,Ascent,False,-0.45526434267714727,0.9105286853542945
2026-08-11T15:06:24.368025,1786457184.3680575,TUN,34.7391,10.76,7050,407.5,-21.3,8.8,22.6,6217,A,Ascent,False,-0.4706071235935543,0.9412142471871086
2026-08-11T15:06:25.410168,1786457185.4102066,TUN,34.739,10.7601,7200,399.7,-21.9,7.4,23.0,6273,A,Ascent,False,-0.44861607101411194,0.8972321420282239
2026-08-11T15:06:26.450484,1786457186.4505162,TUN,34.739,10.7601,7350,389.8,-23.3,9.1,23.1,6328,A,Ascent,False,-0.4578975265659094,0.9157950531318187
2026-08-11T15:06:27.752142,1786457187.7521734,TUN,34.739,10.7601,7500,381.9,-23.7,29.3,23.0,6596,A,Ascent,False,-0.46531991051055543,0.9306398210211109
2026-08-11T15:06:28.794507,1786457188.7945406,TUN,34.739,10.7601,7650,374.5,-24.7,27.7,22.5,6641,A,Ascent,False,-0.4483934892470166,0.8967869784940332
2026-08-11T15:06:29.837579,1786457189.837611,TUN,34.739,10.7601,7800,367.1,-25.8,5.6,22.3,6483,A,Ascent,False,-0.46764262359753744,0.9352852471950749
2026-08-11T15:06:30.878487,1786457190.878519,TUN,34.739,10.7601,7950,358.4,-26.2,24.8,22.7,6738,A,Ascent,False,-0.4590992747658215,0.918198549531643
2026-08-11T15:06:31.925612,1786457191.9256434,TUN,34.739,10.7601,8100,351.1,-28.0,21.2,22.1,6755,A,Ascent,False,-0.46294891274816313,0.9258978254963263
2026-08-11T15:06:32.976608,1786457192.9766507,TUN,34.739,10.7601,8250,342.5,-28.3,13.0,22.8,6741,A,Ascent,False,-0.46612104501486307,0.9322420900297261
2026-08-11T15:06:34.010561,1786457194.0106044,TUN,34.739,10.7601,8400,335.4,-29.8,27.4,22.4,6945,A,Ascent,False,-0.4669035992758035,0.933807198551607
2026-08-11T15:06:35.054478,1786457195.0545075,TUN,34.739,10.7602,8550,329.2,-30.1,17.5,22.4,6932,A,Ascent,False,-0.4460783580930493,0.8921567161860986
2026-08-11T15:06:36.096524,1786457196.0965557,TUN,34.7389,10.7602,8700,322.3,-31.6,24.6,22.8,7072,A,Ascent,False,-0.4547870829510713,0.9095741659021426
2026-08-11T15:06:37.138524,1786457197.138574,TUN,34.7389,10.7602,8850,314.1,-32.7,11.5,22.5,6995,A,Ascent,False,-0.45831985393540325,0.9166397078708065
2026-08-11T15:06:38.180501,1786457198.1805322,TUN,34.7389,10.7602,9000,306.6,-33.2,25.3,22.5,7203,A,Ascent,False,-0.4585357942851778,0.9170715885703556
2026-08-11T15:06:39.223472,1786457199.2235003,TUN,34.7389,10.7602,9150,300.7,-34.0,11.0,22.4,7142,A,Ascent,False,-0.4564501781435424,0.9129003562870848
2026-08-11T15:06:40.250490,1786457200.2505238,TUN,34.7389,10.7602,9300,293.1,-35.1,7.4,22.7,7172,A,Ascent,False,-0.4470812741300798,0.8941625482601596
2026-08-11T15:06:41.283394,1786457201.2834141,TUN,34.7389,10.7602,9450,286.9,-36.0,25.4,22.5,7429,A,Ascent,False,-0.4720815155205865,0.944163031041173
2026-08-11T15:06:42.318555,1786457202.3185868,TUN,34.7389,10.7602,9600,281.1,-37.8,15.0,21.6,7390,A,Ascent,False,-0.4911542002657292,0.9823084005314584
2026-08-11T15:06:43.361444,1786457203.3614633,TUN,34.7389,10.7603,9750,275.3,-38.6,9.7,22.0,7426,A,Ascent,False,-0.46220721013811567,0.9244144202762313
2026-08-11T15:06:44.387938,1786457204.3879712,TUN,34.7389,10.7603,9900,268.8,-39.6,22.4,22.0,7628,A,Ascent,False,-0.4629779966598169,0.9259559933196339
2026-08-11T15:06:45.431799,1786457205.4318311,TUN,34.7389,10.7603,10050,263.1,-40.2,18.9,21.9,7679,A,Ascent,False,-0.4335087491543142,0.8670174983086284
2026-08-11T15:06:46.472795,1786457206.4728267,TUN,34.7389,10.7603,10200,255.7,-41.0,20.6,22.3,7768,A,Ascent,False,-0.43616696511501324,0.8723339302300265
2026-08-11T15:06:47.512508,1786457207.51254,TUN,34.7388,10.7603,10350,250.6,-42.6,19.1,22.1,7833,A,Ascent,False,-0.4533114183317931,0.9066228366635862
2026-08-11T15:06:48.554557,1786457208.5545893,TUN,34.7388,10.7603,10500,243.7,-43.3,17.6,21.9,7890,A,Ascent,False,-0.46068684631960255,0.9213736926392051
2026-08-11T15:06:49.586582,1786457209.5866265,TUN,34.7388,10.7603,10650,238.8,-44.0,26.4,21.6,8069,A,Ascent,False,-0.45346858854357,0.90693717708714
2026-08-11T15:06:50.611575,1786457210.611608,TUN,34.7388,10.7603,10800,233.5,-45.4,28.9,21.4,8175,A,Ascent,False,-0.45123780962939064,0.9024756192587813
2026-08-11T15:06:51.652432,1786457211.652452,TUN,34.7388,10.7603,10950,227.6,-46.4,21.5,21.8,8186,A,Ascent,False,-0.4421562730988841,0.8843125461977682
2026-08-11T15:06:52.675508,1786457212.6755424,TUN,34.7388,10.7604,11100,222.7,-47.4,10.6,22.0,8171,A,Ascent,False,-0.4368104025023855,0.873620805004771
2026-08-11T15:06:53.718526,1786457213.7185495,TUN,34.7388,10.7604,11250,216.9,-48.5,30.0,21.9,8445,A,Ascent,False,-0.46618804871889974,0.9323760974377995
2026-08-11T15:06:54.743392,1786457214.743424,TUN,34.7388,10.7604,11400,211.9,-49.2,6.5,21.8,8302,A,Ascent,False,-0.45693248245618534,0.9138649649123707
2026-08-11T15:06:55.785469,1786457215.785502,TUN,34.7388,10.7604,11550,207.7,-50.1,12.2,21.4,8454,A,Ascent,False,-0.4448086867385636,0.8896173734771272
2026-08-11T15:06:56.836570,1786457216.8366199,TUN,34.7388,10.7604,11700,203.6,-51.0,12.4,21.7,8559,A,Ascent,False,-0.4393416691927324,0.8786833383854648
2026-08-11T15:06:57.881545,1786457217.8815777,TUN,34.7387,10.7604,11850,198.3,-52.3,9.6,21.5,8612,A,Ascent,False,-0.4439872442818957,0.8879744885637914
2026-08-11T15:06:58.927557,1786457218.9275992,TUN,34.7387,10.7604,12000,193.6,-52.5,15.9,21.6,8777,A,Ascent,False,-0.4552524190429524,0.9105048380859048
2026-08-11T15:06:59.976570,1786457219.976604,TUN,34.7387,10.7604,12150,188.4,-54.1,28.7,21.1,8982,A,Ascent,False,-0.47016958472183,0.94033916944366
2026-08-11T15:07:01.022784,1786457221.0228171,TUN,34.7387,10.7605,12300,185.2,-55.2,7.7,21.0,8879,A,Ascent,False,-0.45728293034874407,0.9145658606974881
2026-08-11T15:07:02.064490,1786457222.0645213,TUN,34.7387,10.7605,12450,179.1,-56.4,26.7,21.1,9147,A,Ascent,False,-0.4676095443577092,0.9352190887154184
2026-08-11T15:07:03.108205,1786457223.1082497,TUN,34.7387,10.7605,12600,176.8,-56.6,6.2,21.0,9066,A,Ascent,False,-0.4412905936272931,0.8825811872545862
2026-08-11T15:07:04.143485,1786457224.1435173,TUN,34.7387,10.7605,12750,172.1,-57.7,4.4,21.4,9144,A,Ascent,False,-0.45721272822373116,0.9144254564474623
2026-08-11T15:07:05.188500,1786457225.188533,TUN,34.7387,10.7605,12900,167.8,-59.2,27.7,21.4,9469,A,Ascent,False,-0.4814696779378517,0.9629393558757035
2026-08-11T15:07:06.230721,1786457226.2307532,TUN,34.7387,10.7605,13050,164.7,-60.1,20.9,21.6,9513,A,Ascent,False,-0.42865413065129193,0.8573082613025839
2026-08-11T15:07:07.272546,1786457227.272577,TUN,34.7387,10.7605,13200,160.5,-60.1,9.9,21.2,9507,A,Ascent,False,-0.43292184852091053,0.8658436970418211
2026-08-11T15:07:08.314928,1786457228.3149586,TUN,34.7387,10.7605,13350,155.9,-60.4,7.2,21.0,9579,A,Ascent,False,-0.4200228396420809,0.8400456792841619
2026-08-11T15:07:09.355558,1786457229.3555899,TUN,34.7386,10.7605,13500,152.3,-60.0,28.5,20.6,9905,A,Ascent,False,-0.450377923816705,0.90075584763341
2026-08-11T15:07:10.398532,1786457230.3985646,TUN,34.7386,10.7606,13650,149.9,-60.2,20.8,21.0,9957,A,Ascent,False,-0.4065848030936663,0.8131696061873326
2026-08-11T15:07:11.449403,1786457231.449423,TUN,34.7386,10.7606,13800,145.3,-60.5,18.4,20.4,28,A,Ascent,False,-0.40932774349967904,0.8186554869993581
2026-08-11T15:07:12.485476,1786457232.4855075,TUN,34.7386,10.7606,13950,141.5,-59.7,21.5,21.1,186,A,Ascent,False,-0.4280543907461355,0.856108781492271
2026-08-11T15:07:13.528416,1786457233.5284393,TUN,34.7386,10.7606,14100,139.3,-60.2,13.2,21.2,227,A,Ascent,False,-0.40056779926193525,0.8011355985238705
2026-08-11T15:07:14.552454,1786457234.552479,TUN,34.7386,10.7606,14250,134.7,-60.0,18.3,20.8,380,A,Ascent,False,-0.4142487792485798,0.8284975584971596
2026-08-11T15:07:15.575482,1786457235.5755043,TUN,34.7386,10.7606,14400,132.8,-59.7,27.4,20.8,605,A,Ascent,False,-0.4016087302611053,0.8032174605222105
2026-08-11T15:07:16.598397,1786457236.5984178,TUN,34.7386,10.7606,14550,129.0,-59.8,13.9,20.8,581,A,Ascent,False,-0.41431261036862166,0.8286252207372433
2026-08-11T15:07:17.621553,1786457237.6215842,TUN,34.7386,10.7606,14700,126.6,-60.3,11.1,20.8,674,A,Ascent,False,-0.4029797727005753,0.8059595454011506
2026-08-11T15:07:18.669438,1786457238.6694672,TUN,34.7386,10.7606,14850,123.9,-60.3,12.2,20.9,809,A,Ascent,False,-0.42592596847133735,0.8518519369426747
2026-08-11T15:07:19.924476,1786457239.9245222,TUN,34.7385,10.7607,15000,119.5,-59.8,16.0,20.9,958,A,Ascent,False,-0.43411726741703033,0.8682345348340607
2026-08-11T15:07:20.950438,1786457240.950467,TUN,34.7385,10.7607,15150,117.5,-60.3,9.5,20.1,1010,A,Ascent,False,-0.43043380660264474,0.8608676132052895
2026-08-11T15:07:21.974576,1786457241.9746077,TUN,34.7385,10.7607,15300,114.2,-59.5,22.5,20.1,1265,A,Ascent,False,-0.43887229487700224,0.8777445897540045
2026-08-11T15:07:23.017585,1786457243.0176177,TUN,34.7385,10.7607,15450,112.5,-59.7,24.7,20.5,1422,A,Ascent,False,-0.40001033227787036,0.8000206645557407
2026-08-11T15:07:24.084561,1786457244.0845942,TUN,34.7385,10.7607,15600,110.5,-59.6,4.4,20.4,1349,A,Ascent,False,-0.4228386795399721,0.8456773590799442
2026-08-11T15:07:25.126377,1786457245.1264088,TUN,34.7385,10.7607,15750,107.2,-60.3,12.4,20.0,1535,A,Ascent,False,-0.4166465066536609,0.8332930133073218
2026-08-11T15:07:26.169505,1786457246.1695368,TUN,34.7385,10.7607,15900,105.1,-60.2,26.1,19.8,1800,A,Ascent,False,-0.41450739409564086,0.8290147881912817
2026-08-11T15:07:27.211587,1786457247.2116182,TUN,34.7385,10.7607,16050,101.7,-60.0,22.2,19.9,1880,A,Ascent,False,-0.40355277968983055,0.8071055593796611
2026-08-11T15:07:28.253093,1786457248.2531242,TUN,34.7385,10.7608,16200,100.3,-60.2,14.5,20.4,1943,A,Ascent,False,-0.4028009900693827,0.8056019801387654
2026-08-11T15:07:29.296389,1786457249.2964094,TUN,34.7385,10.7608,16350,97.7,-60.0,10.3,19.9,2022,A,Ascent,False,-0.4139233066009446,0.8278466132018892
2026-08-11T15:07:30.339491,1786457250.3395295,TUN,34.7385,10.7608,16500,94.8,-59.7,27.6,19.9,2319,A,Ascent,False,-0.4206169868193001,0.8412339736386002
2026-08-11T15:07:31.375408,1786457251.3754475,TUN,34.7384,10.7608,16650,92.5,-60.3,17.3,19.8,2335,A,Ascent,False,-0.3950650204358225,0.790130040871645
2026-08-11T15:07:32.397517,1786457252.3975499,TUN,34.7384,10.7608,16800,90.6,-60.1,18.0,20.3,2480,A,Ascent,False,-0.4044559298811608,0.8089118597623216
2026-08-11T15:07:33.441542,1786457253.441613,TUN,34.7384,10.7608,16950,88.7,-60.3,16.3,19.9,2588,A,Ascent,False,-0.40168180523262303,0.8033636104652461
2026-08-11T15:07:34.499495,1786457254.4995155,TUN,34.7384,10.7608,17100,87.4,-59.9,12.7,19.6,2690,A,Ascent,False,-0.40417919996110185,0.8083583999222037
2026-08-11T15:07:35.533548,1786457255.53358,TUN,34.7384,10.7608,17250,83.9,-59.9,18.5,19.5,2862,A,Ascent,False,-0.4099717668389157,0.8199435336778313
2026-08-11T15:07:36.575571,1786457256.5756032,TUN,34.7384,10.7608,17400,82.0,-60.1,26.8,20.1,3080,A,Ascent,False,-0.4077825549466244,0.8155651098932488
2026-08-11T15:07:37.616506,1786457257.6165378,TUN,34.7384,10.7609,17550,81.0,-60.2,13.0,19.7,3078,A,Ascent,False,-0.41136252551187646,0.8227250510237529
2026-08-11T15:07:38.659506,1786457258.6595392,TUN,34.7384,10.7609,17700,79.1,-59.6,25.8,19.8,3344,A,Ascent,False,-0.42241733454434865,0.8448346690886973
2026-08-11T15:07:39.703676,1786457259.7037067,TUN,34.7384,10.7609,17850,77.3,-60.1,16.7,19.2,3374,A,Ascent,False,-0.4022441473511894,0.8044882947023788
2026-08-11T15:07:40.745530,1786457260.745562,TUN,34.7384,10.7609,18000,76.0,-60.1,26.5,19.3,3610,A,Ascent,False,-0.402875678182581,0.805751356365162
2026-08-11T15:07:41.786485,1786457261.786537,TUN,34.7383,10.7609,18150,73.9,-59.6,14.4,19.4,3623,A,Ascent,False,-0.40226024207176103,0.8045204841435221
2026-08-11T15:07:42.828882,1786457262.8289132,TUN,34.7383,10.7609,18300,72.0,-60.2,10.6,19.3,3709,A,Ascent,False,-0.3915246692216939,0.7830493384433878
2026-08-11T15:07:43.874685,1786457263.8747182,TUN,34.7383,10.7609,18450,70.7,-60.1,24.2,19.4,3984,A,Ascent,False,-0.4310969196145213,0.8621938392290426
2026-08-11T15:07:44.915911,1786457264.9159434,TUN,34.7383,10.7609,18600,69.0,-60.5,29.0,19.9,4166,A,Ascent,False,-0.41111624242211303,0.8222324848442261
2026-08-11T15:07:45.956553,1786457265.9565842,TUN,34.7383,10.7609,18750,66.7,-59.9,9.5,19.9,4104,A,Ascent,False,-0.41798822778157074,0.8359764555631415
2026-08-11T15:07:47.000474,1786457267.0005054,TUN,34.7383,10.761,18900,64.1,-60.3,24.3,19.8,4372,A,Ascent,False,-0.41126760795633144,0.8225352159126629
2026-08-11T15:07:48.042732,1786457268.0427635,TUN,34.7383,10.761,19050,64.1,-60.2,18.8,19.6,4466,A,Ascent,False,-0.39810257277539757,0.7962051455507951
